,Subject,Fluency_Item,NLL_forage_dynamic_simdrop,NLL_forage_random_baseline,Semantic_Similarity,Frequency_Value,Phonological_Similarity
0,606734f4935218ab9f94703c,dog,4.5750065835005005,7.4770384723196965,0.0001,7.256114028,0.0001
1,606734f4935218ab9f94703c,cat,2.529566058924576,7.4770384723196965,0.76099,7.013143358,0.0001
2,606734f4935218ab9f94703c,rabbit,3.9423512351358077,7.4770384723196965,0.62613,6.568628649,0.4
3,606734f4935218ab9f94703c,chicken,4.780144344074101,7.4770384723196965,0.46703,6.827585591,0.2
4,606734f4935218ab9f94703c,hawk,6.545663064712209,7.4770384723196965,0.28142,6.384581525,0.2
5,606734f4935218ab9f94703c,eagle,5.595868426562857,7.4770384723196965,0.26322,6.640854253,0.0001
6,606734f4935218ab9f94703c,bear,4.437369381221578,7.4770384723196965,0.19876,7.366226929,0.0001
7,606734f4935218ab9f94703c,lion,4.360235749383903,7.4770384723196965,0.44655,6.723957079,0.0001
8,606734f4935218ab9f94703c,pig,5.425139991674421,7.4770384723196965,0.37749,6.611542969,0.0001
9,606734f4935218ab9f94703c,cow,3.3571083546902556,7.4770384723196965,0.6575,6.679047222,0.0001
10,606734f4935218ab9f94703c,mule,5.903968261672429,7.4770384723196965,0.39867,6.274039557,0.0001
11,606734f4935218ab9f94703c,horse,2.1407501501521455,7.4770384723196965,0.5246,7.396710537,0.0001
12,606734f4935218ab9f94703c,donkey,4.67776904223311,7.4770384723196965,0.57376,6.018421695,0.0001
13,606734f4935218ab9f94703c,goat,3.5707105129310626,7.4770384723196965,0.60131,6.365838461,0.0001
14,606734f4935218ab9f94703c,sheep,2.9944812605333193,7.4770384723196965,0.64594,6.924172871,0.0001
15,606734f4935218ab9f94703c,elephant,5.7743536126432335,7.4770384723196965,0.3499,6.363660295,0.0001
16,606734f4935218ab9f94703c,zebra,5.577787999429775,7.4770384723196965,0.52817,5.561689192,0.1429
17,606734f4935218ab9f94703c,impala,6.656798803620654,7.4770384723196965,0.52214,4.829220123,0.1667
18,606734f4935218ab9f94703c,cougar,7.423000725482881,7.4770384723196965,0.426,5.313217401,0.0001
19,606734f4935218ab9f94703c,giraffe,6.760031400450569,7.4770384723196965,0.43225,5.372025949,0.0001
20,606734f4935218ab9f94703c,hippopotamus,5.254042602659981,7.4770384723196965,0.6439,5.258390618,0.0001
21,606734f4935218ab9f94703c,rhinoceros,5.298801228995809,7.4770384723196965,0.54239,5.506841784,0.2727
22,5ef11fdda0736031899eb5dc,dog,4.391570361759668,7.4770384723196965,0.0001,7.256114028,0.0001
23,5ef11fdda0736031899eb5dc,cat,2.4201381092467624,7.4770384723196965,0.76099,7.013143358,0.0001
24,5ef11fdda0736031899eb5dc,bird,3.8817146600060712,7.4770384723196965,0.51471,7.119400245,0.0001
25,5ef11fdda0736031899eb5dc,snake,5.053613540690157,7.4770384723196965,0.47913,6.615078486,0.0001
26,5ef11fdda0736031899eb5dc,cow,5.256662225925234,7.4770384723196965,0.36864,6.679047222,0.0001
27,5ef11fdda0736031899eb5dc,horse,3.1810261003816147,7.4770384723196965,0.49454,7.396710537,0.0001
28,5ef11fdda0736031899eb5dc,elephant,5.761626087255503,7.4770384723196965,0.39665,6.363660295,0.0001
29,5ef11fdda0736031899eb5dc,tiger,3.29680252192701,7.4770384723196965,0.6684,6.38952206,0.0001
30,5ef11fdda0736031899eb5dc,camel,6.1639879329041785,7.4770384723196965,0.314,6.123051541,0.0001
31,5ef11fdda0736031899eb5dc,giraffe,5.8914842553387485,7.4770384723196965,0.46761,5.372025949,0.0001
32,5ef11fdda0736031899eb5dc,bear,4.2343426099568795,7.4770384723196965,0.30209,7.366226929,0.0001
33,5ef11fdda0736031899eb5dc,raccoon,7.241572764818304,7.4770384723196965,0.38629,5.500824927,0.0001
34,5ef11fdda0736031899eb5dc,squirrel,3.9530350771903695,7.4770384723196965,0.6653,6.080840335,0.0001
35,5ef11fdda0736031899eb5dc,turtle,5.983629745614029,7.4770384723196965,0.48107,6.229758099,0.3333
36,5ef11fdda0736031899eb5dc,fish,2.990158297871509,7.4770384723196965,0.54237,7.344814258,0.0001
37,5ef11fdda0736031899eb5dc,beaver,5.911098040571747,7.4770384723196965,0.38122,6.273193014,0.0001
38,5ef11fdda0736031899eb5dc,chipmunk,6.600177006286112,7.4770384723196965,0.51653,5.149619342,0.0001
39,5ef11fdda0736031899eb5dc,moose,6.414693424498382,7.4770384723196965,0.43615,5.977754233,0.1429
40,5ef11fdda0736031899eb5dc,deer,2.4865225155172084,7.4770384723196965,0.75854,6.706983738,0.0001
41,5c3630c83ce2c8000111b504,giraffe,7.107529793392255,7.4770384723196965,0.0001,5.372025949,0.0001
42,5c3630c83ce2c8000111b504,elephant,3.8256962081718426,7.4770384723196965,0.59337,6.363660295,0.1429
43,5c3630c83ce2c8000111b504,lion,4.119185284293785,7.4770384723196965,0.51286,6.723957079,0.4286
44,5c3630c83ce2c8000111b504,cat,5.172527956118809,7.4770384723196965,0.40046,7.013143358,0.0001
45,5c3630c83ce2c8000111b504,dog,2.402979081149027,7.4770384723196965,0.76099,7.256114028,0.0001
46,5c3630c83ce2c8000111b504,parrot,6.401149065475787,7.4770384723196965,0.44814,5.921096266,0.0001
47,5c3630c83ce2c8000111b504,turtle,4.842531591146957,7.4770384723196965,0.48848,6.229758099,0.2
48,5c3630c83ce2c8000111b504,rhinoceros,6.927617107551411,7.4770384723196965,0.37814,5.506841784,0.125
49,5c3630c83ce2c8000111b504,hippopotamus,5.334841557720735,7.4770384723196965,0.54239,5.258390618,0.2727
50,5c3630c83ce2c8000111b504,zebra,4.830520579211587,7.4770384723196965,0.56525,5.561689192,0.0909
51,5c3630c83ce2c8000111b504,horse,4.7860125507535916,7.4770384723196965,0.42613,7.396710537,0.2
52,5c3630c83ce2c8000111b504,cow,4.446908996771467,7.4770384723196965,0.49454,6.679047222,0.0001
53,5c3630c83ce2c8000111b504,goat,3.6215426361071845,7.4770384723196965,0.63485,6.365838461,0.0001
54,5c3630c83ce2c8000111b504,snake,5.596679016174043,7.4770384723196965,0.45669,6.615078486,0.0001
55,5c3630c83ce2c8000111b504,tortoise,5.496274208779128,7.4770384723196965,0.51601,5.793371249,0.0001
56,5c3630c83ce2c8000111b504,dolphin,6.470438597193211,7.4770384723196965,0.41721,5.864843201,0.1667
57,5c3630c83ce2c8000111b504,whale,2.852695979425438,7.4770384723196965,0.77251,6.338615042,0.1667
58,5c3630c83ce2c8000111b504,lizard,5.705616000054435,7.4770384723196965,0.45783,5.89522027,0.0001
59,5c3630c83ce2c8000111b504,mouse,5.421310385689458,7.4770384723196965,0.35503,6.776846046,0.0001
60,5c3630c83ce2c8000111b504,rat,3.7422614421188385,7.4770384723196965,0.47078,6.766463413,0.0001
61,5c3630c83ce2c8000111b504,raccoon,5.9057454942566565,7.4770384723196965,0.47161,5.500824927,0.2
62,5c3630c83ce2c8000111b504,otter,5.448225963209675,7.4770384723196965,0.49237,5.857683409,0.0001
63,5c3630c83ce2c8000111b504,possum,6.014689730378774,7.4770384723196965,0.53482,5.440409986,0.2
64,5c3630c83ce2c8000111b504,mole,6.824557916624518,7.4770384723196965,0.3171,6.347595976,0.0001
65,5c3630c83ce2c8000111b504,meerkat,9.596622323112328,7.4770384723196965,0.25397,3.812512284,0.1667
66,5c3630c83ce2c8000111b504,peacock,5.915752029235385,7.4770384723196965,0.34396,6.002633379,0.3333
67,5c3630c83ce2c8000111b504,parakeet,6.858682987720345,7.4770384723196965,0.43168,4.868873573,0.2857
68,5c3630c83ce2c8000111b504,pufferfish,9.634495008716057,7.4770384723196965,0.27195,3.792671789,0.1429
69,5c3630c83ce2c8000111b504,goldfish,5.7473056422613205,7.4770384723196965,0.40883,5.475262847,0.2857
70,63fba9e68d9ff349947fece5,zebra,7.002490977670242,7.4770384723196965,0.0001,5.561689192,0.0001
71,63fba9e68d9ff349947fece5,elephant,4.175856947527365,7.4770384723196965,0.52817,6.363660295,0.1429
72,63fba9e68d9ff349947fece5,giraffe,5.520782731426012,7.4770384723196965,0.59337,5.372025949,0.1429
73,63fba9e68d9ff349947fece5,dog,4.579230766988402,7.4770384723196965,0.3927,7.256114028,0.0001
74,63fba9e68d9ff349947fece5,fox,4.108950224309227,7.4770384723196965,0.52824,6.849727181,0.0001
75,63fba9e68d9ff349947fece5,coyote,4.821836887649737,7.4770384723196965,0.61487,6.007340169,0.0001
76,63fba9e68d9ff349947fece5,bear,4.003094391950662,7.4770384723196965,0.43868,7.366226929,0.0001
77,63fba9e68d9ff349947fece5,deer,5.296298006017553,7.4770384723196965,0.40814,6.706983738,0.3333
78,63fba9e68d9ff349947fece5,raccoon,5.912727160750166,7.4770384723196965,0.53697,5.500824927,0.0001
79,63fba9e68d9ff349947fece5,mouse,5.201875447187578,7.4770384723196965,0.28272,6.776846046,0.0001
80,63fba9e68d9ff349947fece5,rat,3.435651356147208,7.4770384723196965,0.47078,6.766463413,0.0001
81,63fba9e68d9ff349947fece5,wildebeest,9.147098174352994,7.4770384723196965,0.29537,4.704776617,0.1818
82,5efd12bb12f04114e442283c,cat,4.705496637200352,7.4770384723196965,0.0001,7.013143358,0.0001
83,5efd12bb12f04114e442283c,dog,2.1868976560130986,7.4770384723196965,0.76099,7.256114028,0.0001
84,5efd12bb12f04114e442283c,raccoon,7.361859459397946,7.4770384723196965,0.54106,5.500824927,0.0001
85,5efd12bb12f04114e442283c,squirrel,4.201431069024444,7.4770384723196965,0.6653,6.080840335,0.0001
86,5efd12bb12f04114e442283c,lion,5.166026935855877,7.4770384723196965,0.41495,6.723957079,0.1667
87,5efd12bb12f04114e442283c,bear,2.959378340323643,7.4770384723196965,0.44655,7.366226929,0.0001
88,5efd12bb12f04114e442283c,bird,4.541038120355183,7.4770384723196965,0.35084,7.119400245,0.3333
89,5efd12bb12f04114e442283c,zebra,7.510062117906504,7.4770384723196965,0.39304,5.561689192,0.2
90,5efd12bb12f04114e442283c,horse,3.216098294100328,7.4770384723196965,0.42613,7.396710537,0.2
91,5efd12bb12f04114e442283c,cow,4.250151622014713,7.4770384723196965,0.49454,6.679047222,0.0001
92,5efd12bb12f04114e442283c,goat,3.8406415631904607,7.4770384723196965,0.63485,6.365838461,0.0001
93,5efd12bb12f04114e442283c,donkey,4.747452058484346,7.4770384723196965,0.60131,6.018421695,0.0001
94,5efd12bb12f04114e442283c,bull,4.798938397241844,7.4770384723196965,0.41466,6.953478541,0.0001
95,5efd12bb12f04114e442283c,buffalo,3.932853510787833,7.4770384723196965,0.45141,6.710471006,0.3333
96,5efd12bb12f04114e442283c,monkey,5.487598387048277,7.4770384723196965,0.38359,6.401926546,0.1667
97,5efd12bb12f04114e442283c,ferret,7.3010201526377925,7.4770384723196965,0.27421,5.531510849,0.0001
98,5efd12bb12f04114e442283c,tiger,4.823524527988627,7.4770384723196965,0.30158,6.38952206,0.0001
99,5bd8fabf544d4f000141d94d,dog,4.563251293039037,7.4770384723196965,0.0001,7.256114028,0.0001
100,5bd8fabf544d4f000141d94d,cat,2.6677919122380764,7.4770384723196965,0.76099,7.013143358,0.0001
101,5bd8fabf544d4f000141d94d,mouse,4.689366582685294,7.4770384723196965,0.46668,6.776846046,0.0001
102,5bd8fabf544d4f000141d94d,lion,5.264991714295587,7.4770384723196965,0.21819,6.723957079,0.0001
103,5bd8fabf544d4f000141d94d,tiger,4.0261721357423195,7.4770384723196965,0.5148,6.38952206,0.25
104,5bd8fabf544d4f000141d94d,ocelot,8.811075085886134,7.4770384723196965,0.35322,4.575799584,0.0001
105,5bd8fabf544d4f000141d94d,giraffe,6.257580144915398,7.4770384723196965,0.38019,5.372025949,0.0001
106,5bd8fabf544d4f000141d94d,anteater,7.166366789370455,7.4770384723196965,0.54809,4.649130322,0.0001
107,5bd8fabf544d4f000141d94d,fox,4.428428012271438,7.4770384723196965,0.42025,6.849727181,0.0001
108,5bd8fabf544d4f000141d94d,horse,4.386442947752133,7.4770384723196965,0.33049,7.396710537,0.25
109,5bd8fabf544d4f000141d94d,cow,4.167384616832817,7.4770384723196965,0.49454,6.679047222,0.0001
110,5bd8fabf544d4f000141d94d,fish,5.312364420273128,7.4770384723196965,0.27188,7.344814258,0.0001
111,5bd8fabf544d4f000141d94d,monkey,5.717151468672472,7.4770384723196965,0.22166,6.401926546,0.0001
112,5bd8fabf544d4f000141d94d,badger,6.747689118279877,7.4770384723196965,0.34912,5.803131956,0.0001
113,5bd8fabf544d4f000141d94d,chipmunk,6.405472599840261,7.4770384723196965,0.47333,5.149619342,0.0001
114,63b9ff9f64549294f0abe3c1,bear,4.173021805260783,7.4770384723196965,0.0001,7.366226929,0.0001
115,63b9ff9f64549294f0abe3c1,walrus,7.522327256550494,7.4770384723196965,0.29896,5.417803723,0.1667
116,63b9ff9f64549294f0abe3c1,seal,5.169738219089072,7.4770384723196965,0.2684,6.788763103,0.1667
117,63b9ff9f64549294f0abe3c1,deer,5.1949092187908485,7.4770384723196965,0.14441,6.706983738,0.0001
118,63b9ff9f64549294f0abe3c1,antelope,5.112882226306626,7.4770384723196965,0.63499,5.845170623,0.0001
119,63b9ff9f64549294f0abe3c1,tapir,8.508482426557991,7.4770384723196965,0.46449,4.948750293,0.0001
120,63b9ff9f64549294f0abe3c1,elephant,4.5363935070657675,7.4770384723196965,0.52097,6.363660295,0.0001
121,63b9ff9f64549294f0abe3c1,cat,4.70839616728462,7.4770384723196965,0.46387,7.013143358,0.1429
122,63b9ff9f64549294f0abe3c1,dog,2.4980540648259963,7.4770384723196965,0.76099,7.256114028,0.0001
123,63b9ff9f64549294f0abe3c1,fish,4.2047510956245855,7.4770384723196965,0.23458,7.344814258,0.0001
124,63b9ff9f64549294f0abe3c1,moose,5.905750946554889,7.4770384723196965,0.44905,5.977754233,0.0001
125,63b9ff9f64549294f0abe3c1,rhinoceros,7.34381385904733,7.4770384723196965,0.39641,5.506841784,0.125
126,63b9ff9f64549294f0abe3c1,monkey,4.549397525209403,7.4770384723196965,0.46868,6.401926546,0.0001
127,63b9ff9f64549294f0abe3c1,penguin,4.996652015458375,7.4770384723196965,0.49619,6.25042049,0.1429
128,63b9ff9f64549294f0abe3c1,bird,3.5681662729873183,7.4770384723196965,0.4414,7.119400245,0.0001
129,63b9ff9f64549294f0abe3c1,fawn,6.8494081115950305,7.4770384723196965,0.40719,5.733247034,0.0001
130,63b9ff9f64549294f0abe3c1,goat,5.7638947731070855,7.4770384723196965,0.39074,6.365838461,0.0001
131,63b9ff9f64549294f0abe3c1,chicken,4.169446994071953,7.4770384723196965,0.48547,6.827585591,0.0001
132,63b9ff9f64549294f0abe3c1,pig,3.5567320000531795,7.4770384723196965,0.58633,6.611542969,0.2
133,63b9ff9f64549294f0abe3c1,horse,3.452870045647696,7.4770384723196965,0.47001,7.396710537,0.0001
134,63b9ff9f64549294f0abe3c1,bat,7.43022387821064,7.4770384723196965,0.15843,6.527307346,0.0001
135,614f297777d0d8f5e2a5b354,giraffe,7.475241092669048,7.4770384723196965,0.0001,5.372025949,0.0001
136,614f297777d0d8f5e2a5b354,lion,4.530674217195707,7.4770384723196965,0.42459,6.723957079,0.0001
137,614f297777d0d8f5e2a5b354,zebra,7.124044037505313,7.4770384723196965,0.37202,5.561689192,0.0001
138,614f297777d0d8f5e2a5b354,dog,3.960761673299042,7.4770384723196965,0.37773,7.256114028,0.0001
139,614f297777d0d8f5e2a5b354,cat,2.6917584182742225,7.4770384723196965,0.76099,7.013143358,0.0001
140,614f297777d0d8f5e2a5b354,horse,4.33335163587927,7.4770384723196965,0.38148,7.396710537,0.0001
141,614f297777d0d8f5e2a5b354,deer,5.228744664237104,7.4770384723196965,0.31807,6.706983738,0.25
142,614f297777d0d8f5e2a5b354,moose,4.186007992906169,7.4770384723196965,0.75854,5.977754233,0.0001
143,614f297777d0d8f5e2a5b354,leopard,6.567623790661181,7.4770384723196965,0.43064,5.875985616,0.0001
144,614f297777d0d8f5e2a5b354,bobcat,6.907338646013307,7.4770384723196965,0.51796,4.96481099,0.0001
145,614f297777d0d8f5e2a5b354,pig,5.373814480237394,7.4770384723196965,0.37466,6.611542969,0.0001
146,614f297777d0d8f5e2a5b354,mule,5.8749651520885235,7.4770384723196965,0.37732,6.274039557,0.0001
147,614f297777d0d8f5e2a5b354,bear,5.001487976080604,7.4770384723196965,0.20829,7.366226929,0.0001
148,6056962634a5230dacdb63fc,dolphin,6.483085507848375,7.4770384723196965,0.0001,5.864843201,0.0001
149,6056962634a5230dacdb63fc,bear,5.619708991636564,7.4770384723196965,0.27151,7.366226929,0.0001
150,6056962634a5230dacdb63fc,cougar,6.0581116646385915,7.4770384723196965,0.45967,5.313217401,0.0001
151,6056962634a5230dacdb63fc,dog,3.663909509297842,7.4770384723196965,0.49824,7.256114028,0.25
152,6056962634a5230dacdb63fc,cat,2.6840915636384794,7.4770384723196965,0.76099,7.013143358,0.0001
153,6056962634a5230dacdb63fc,fish,4.629797280783497,7.4770384723196965,0.32504,7.344814258,0.0001
154,6056962634a5230dacdb63fc,snake,5.842474221904168,7.4770384723196965,0.36966,6.615078486,0.0001
155,6056962634a5230dacdb63fc,ant,5.036593903925354,7.4770384723196965,0.46774,6.426146105,0.25
156,6056962634a5230dacdb63fc,beetle,4.519090399945744,7.4770384723196965,0.54624,6.021866684,0.2
157,6056962634a5230dacdb63fc,spider,4.635398293223992,7.4770384723196965,0.51717,6.281649128,0.0001
158,6056962634a5230dacdb63fc,crab,6.081201020752731,7.4770384723196965,0.27669,6.158116322,0.0001
159,6056962634a5230dacdb63fc,lobster,3.6103647948041067,7.4770384723196965,0.75834,5.989108389,0.0001
160,6056962634a5230dacdb63fc,worm,5.785710690464445,7.4770384723196965,0.18191,6.383063674,0.0001
161,6056962634a5230dacdb63fc,octopus,6.777735778201402,7.4770384723196965,0.29748,5.564172321,0.0001
162,6056962634a5230dacdb63fc,nudibranch,7.711151748521071,7.4770384723196965,0.46809,4.034748743,0.0001
163,6056962634a5230dacdb63fc,anemone,5.180767831928183,7.4770384723196965,0.63071,5.364160612,0.1111
164,6056962634a5230dacdb63fc,coral,4.153009741890397,7.4770384723196965,0.52517,6.331696294,0.0001
165,6056962634a5230dacdb63fc,grasshopper,6.820670465273882,7.4770384723196965,0.22996,5.629313758,0.0001
166,6056962634a5230dacdb63fc,manta_ray,10.372630866005625,7.4770384723196965,0.27966,3.930847192,0.125
167,6056962634a5230dacdb63fc,stingray,6.463922081658448,7.4770384723196965,0.53499,4.674778498,0.2857
168,6056962634a5230dacdb63fc,eagle,6.30632673319936,7.4770384723196965,0.22837,6.640854253,0.0001
169,640e4ddaf9f67c6c8ea4936b,cat,4.626389217171082,7.4770384723196965,0.0001,7.013143358,0.0001
170,640e4ddaf9f67c6c8ea4936b,dog,1.910340477224634,7.4770384723196965,0.76099,7.256114028,0.0001
171,640e4ddaf9f67c6c8ea4936b,bird,4.387342515102262,7.4770384723196965,0.45021,7.119400245,0.0001
172,640e4ddaf9f67c6c8ea4936b,rat,5.063246604256597,7.4770384723196965,0.37336,6.766463413,0.0001
173,640e4ddaf9f67c6c8ea4936b,pig,4.280006374557814,7.4770384723196965,0.48437,6.611542969,0.0001
174,640e4ddaf9f67c6c8ea4936b,horse,3.380288524986832,7.4770384723196965,0.47001,7.396710537,0.0001
175,640e4ddaf9f67c6c8ea4936b,zebra,7.455417637638621,7.4770384723196965,0.42613,5.561689192,0.2
176,640e4ddaf9f67c6c8ea4936b,giraffe,5.193598050115561,7.4770384723196965,0.63716,5.372025949,0.0001
177,640e4ddaf9f67c6c8ea4936b,bear,4.675444668153665,7.4770384723196965,0.30209,7.366226929,0.0001
178,640e4ddaf9f67c6c8ea4936b,duck,5.667230069097633,7.4770384723196965,0.25078,6.439638803,0.0001
179,640e4ddaf9f67c6c8ea4936b,frog,4.641623653541241,7.4770384723196965,0.46835,6.319346573,0.0001
180,640e4ddaf9f67c6c8ea4936b,lizard,4.489631417264706,7.4770384723196965,0.67582,5.89522027,0.0001
181,640e4ddaf9f67c6c8ea4936b,snake,3.042498822159811,7.4770384723196965,0.68696,6.615078486,0.0001
182,606609111ba10f35596db018,cat,5.058469926677876,7.4770384723196965,0.0001,7.013143358,0.0001
183,606609111ba10f35596db018,dog,2.2434260771674843,7.4770384723196965,0.76099,7.256114028,0.0001
184,606609111ba10f35596db018,horse,4.636369486195013,7.4770384723196965,0.48265,7.396710537,0.25
185,606609111ba10f35596db018,cow,4.588063351377711,7.4770384723196965,0.49454,6.679047222,0.0001
186,606609111ba10f35596db018,opossum,7.402716081573155,7.4770384723196965,0.37658,5.217673413,0.0001
187,606609111ba10f35596db018,raccoon,4.6988519655163525,7.4770384723196965,0.60888,5.500824927,0.0001
188,606609111ba10f35596db018,deer,3.974308453701585,7.4770384723196965,0.53697,6.706983738,0.0001
189,606609111ba10f35596db018,peccary,8.191828756000836,7.4770384723196965,0.3373,4.723275021,0.1
190,606609111ba10f35596db018,bobcat,7.188993959601774,7.4770384723196965,0.41123,4.96481099,0.0001
191,606609111ba10f35596db018,mountain_lion,4.598890412455518,7.4770384723196965,0.77866,5.028693228,0.0001
192,606609111ba10f35596db018,giraffe,7.171620182814531,7.4770384723196965,0.4117,5.372025949,0.0001
193,606609111ba10f35596db018,tiger,4.693126250978637,7.4770384723196965,0.47549,6.38952206,0.0001
194,606609111ba10f35596db018,cheetah,5.823862398059105,7.4770384723196965,0.582,5.023964037,0.0001
195,606609111ba10f35596db018,elephant,3.9982245317489045,7.4770384723196965,0.52848,6.363660295,0.1429
196,606609111ba10f35596db018,prairie_dog,7.897554354671224,7.4770384723196965,0.3085,4.901915806,0.0001
197,606609111ba10f35596db018,sheep,4.854607462542842,7.4770384723196965,0.36491,6.924172871,0.0001
198,606609111ba10f35596db018,buffalo,4.405150916062455,7.4770384723196965,0.51039,6.710471006,0.0001
199,606609111ba10f35596db018,rabbit,5.577528276791219,7.4770384723196965,0.42295,6.568628649,0.1667
200,606609111ba10f35596db018,snake,4.6210478494138805,7.4770384723196965,0.53678,6.615078486,0.0001
201,606609111ba10f35596db018,groundhog,8.070676383501793,7.4770384723196965,0.38146,4.796018969,0.125
202,606609111ba10f35596db018,beaver,4.318545544028208,7.4770384723196965,0.44533,6.273193014,0.0001
203,606609111ba10f35596db018,turkey,5.436851307412439,7.4770384723196965,0.381,6.767768346,0.0001
204,5e2d96d3bc554937d1b3917a,cat,4.8162509090669365,7.4770384723196965,0.0001,7.013143358,0.0001
205,5e2d96d3bc554937d1b3917a,dog,2.025225351249187,7.4770384723196965,0.76099,7.256114028,0.0001
206,5e2d96d3bc554937d1b3917a,rhinoceros,7.1714369024746185,7.4770384723196965,0.31965,5.506841784,0.0001
207,5e2d96d3bc554937d1b3917a,elephant,2.830097182494813,7.4770384723196965,0.64381,6.363660295,0.0001
208,5e2d96d3bc554937d1b3917a,giraffe,5.406962946290892,7.4770384723196965,0.59337,5.372025949,0.1429
209,5e2d96d3bc554937d1b3917a,snake,5.385426916402921,7.4770384723196965,0.48318,6.615078486,0.0001
210,5e2d96d3bc554937d1b3917a,tiger,4.988889843771347,7.4770384723196965,0.4894,6.38952206,0.0001
211,5e2d96d3bc554937d1b3917a,lion,3.956443699802522,7.4770384723196965,0.5148,6.723957079,0.25
212,5e2d96d3bc554937d1b3917a,bear,3.462921622106485,7.4770384723196965,0.44655,7.366226929,0.0001
213,5e2d96d3bc554937d1b3917a,aardvark,9.172642250185525,7.4770384723196965,0.1723,4.484100445,0.1429
214,5e2d96d3bc554937d1b3917a,raccoon,6.3630281005064955,7.4770384723196965,0.32467,5.500824927,0.1429
215,5e2d96d3bc554937d1b3917a,squirrel,3.714621973002384,7.4770384723196965,0.6653,6.080840335,0.0001
216,5e2d96d3bc554937d1b3917a,rat,4.406303610854316,7.4770384723196965,0.51229,6.766463413,0.0001
217,5e2d96d3bc554937d1b3917a,deer,5.251031599846586,7.4770384723196965,0.32421,6.706983738,0.0001
218,5e2d96d3bc554937d1b3917a,antelope,4.682017671148162,7.4770384723196965,0.63499,5.845170623,0.0001
219,5e2d96d3bc554937d1b3917a,goat,5.759515250148182,7.4770384723196965,0.48786,6.365838461,0.1429
220,5e2d96d3bc554937d1b3917a,sheep,2.7607501817527487,7.4770384723196965,0.64594,6.924172871,0.0001
221,58b2338a898c2e0001a5ca56,dog,4.942699539209901,7.4770384723196965,0.0001,7.256114028,0.0001
222,58b2338a898c2e0001a5ca56,horse,3.9600729075829424,7.4770384723196965,0.48265,7.396710537,0.25
223,58b2338a898c2e0001a5ca56,snake,5.606644212641521,7.4770384723196965,0.27943,6.615078486,0.0001
224,58b2338a898c2e0001a5ca56,cow,5.52853227624775,7.4770384723196965,0.36864,6.679047222,0.0001
225,58b2338a898c2e0001a5ca56,bird,4.72423646113086,7.4770384723196965,0.37099,7.119400245,0.0001
226,58b2338a898c2e0001a5ca56,red_tailed_hawk,10.850516012448747,7.4770384723196965,0.57684,2.782472624,0.1
227,58b2338a898c2e0001a5ca56,buzzard,5.889776393476593,7.4770384723196965,0.45817,5.410097009,0.1
228,58b2338a898c2e0001a5ca56,anteater,7.639253444112506,7.4770384723196965,0.42605,4.649130322,0.0001
229,58b2338a898c2e0001a5ca56,lion,5.467355193240453,7.4770384723196965,0.35064,6.723957079,0.0001
230,5ba176b4f7e29100014449e2,cat,5.114101152022714,7.4770384723196965,0.0001,7.013143358,0.0001
231,5ba176b4f7e29100014449e2,dog,2.3773617843448633,7.4770384723196965,0.76099,7.256114028,0.0001
232,5ba176b4f7e29100014449e2,lion,5.811649230461152,7.4770384723196965,0.38549,6.723957079,0.0001
233,5ba176b4f7e29100014449e2,raccoon,6.957764696618205,7.4770384723196965,0.31149,5.500824927,0.2
234,5ba176b4f7e29100014449e2,bird,3.877729162312011,7.4770384723196965,0.50329,7.119400245,0.0001
235,5ba176b4f7e29100014449e2,lizard,5.788584496723998,7.4770384723196965,0.51921,5.89522027,0.2
236,5ba176b4f7e29100014449e2,snake,3.461726332071682,7.4770384723196965,0.68696,6.615078486,0.0001
237,5ba176b4f7e29100014449e2,turtle,4.5632015744145376,7.4770384723196965,0.56514,6.229758099,0.0001
238,5ba176b4f7e29100014449e2,elephant,5.851772304224812,7.4770384723196965,0.50524,6.363660295,0.1429
239,5ba176b4f7e29100014449e2,giraffe,5.161372128919255,7.4770384723196965,0.59337,5.372025949,0.1429
240,5ba176b4f7e29100014449e2,leopard,6.4569696802443275,7.4770384723196965,0.53247,5.875985616,0.0001
241,5ba176b4f7e29100014449e2,tiger,3.5691847749736048,7.4770384723196965,0.61388,6.38952206,0.2
242,5ba176b4f7e29100014449e2,monkey,5.80626489214301,7.4770384723196965,0.53476,6.401926546,0.0001
243,5ba176b4f7e29100014449e2,gorilla,4.6034650396159575,7.4770384723196965,0.63735,5.657093158,0.0001
244,5ba176b4f7e29100014449e2,kangaroo,5.9630792806702955,7.4770384723196965,0.44748,5.566218227,0.0001
245,5ba176b4f7e29100014449e2,sloth,6.817231754063339,7.4770384723196965,0.22983,5.603616317,0.0001
246,5ba176b4f7e29100014449e2,orangutan,8.13306142322329,7.4770384723196965,0.25934,4.807399713,0.0001
247,5ba176b4f7e29100014449e2,zebra,5.858079438917955,7.4770384723196965,0.41891,5.561689192,0.125
248,5ba176b4f7e29100014449e2,llama,6.002063657305888,7.4770384723196965,0.47565,5.269141534,0.2
249,5ba176b4f7e29100014449e2,cow,4.04961084538268,7.4770384723196965,0.52192,6.679047222,0.0001
250,5ba176b4f7e29100014449e2,pig,3.195868249834242,7.4770384723196965,0.6575,6.611542969,0.0001
251,5ba176b4f7e29100014449e2,deer,5.452920016254626,7.4770384723196965,0.38957,6.706983738,0.3333
252,5ba176b4f7e29100014449e2,bobcat,5.562758747868835,7.4770384723196965,0.67443,4.96481099,0.0001
253,5ba176b4f7e29100014449e2,coyote,3.4377638596201505,7.4770384723196965,0.76995,6.007340169,0.0001
254,5ba176b4f7e29100014449e2,wolf,3.523862136881075,7.4770384723196965,0.62976,6.745548976,0.0001
255,5ba176b4f7e29100014449e2,lemur,8.003640329667695,7.4770384723196965,0.38331,4.904358444,0.0001
256,5ba176b4f7e29100014449e2,ferret,6.915538833865254,7.4770384723196965,0.19709,5.531510849,0.0001
257,5ba176b4f7e29100014449e2,hamster,5.796463271269449,7.4770384723196965,0.33341,5.543432268,0.1667
258,5ba176b4f7e29100014449e2,guinea_pig,4.751370024523614,7.4770384723196965,0.52997,5.672205032,0.0001
259,5ba176b4f7e29100014449e2,gazelle,8.580694800712989,7.4770384723196965,0.2157,5.345203116,0.1
260,5b342c9da2982a0001dd9f25,aardvark,8.548463813741067,7.4770384723196965,0.0001,4.484100445,0.0001
261,5b342c9da2982a0001dd9f25,raccoon,6.311064418991837,7.4770384723196965,0.32467,5.500824927,0.1429
262,5b342c9da2982a0001dd9f25,opossum,5.415288683028032,7.4770384723196965,0.60888,5.217673413,0.0001
263,5b342c9da2982a0001dd9f25,cow,5.467654910069687,7.4770384723196965,0.37658,6.679047222,0.0001
264,5b342c9da2982a0001dd9f25,dog,4.623224656501636,7.4770384723196965,0.40174,7.256114028,0.0001
265,5b342c9da2982a0001dd9f25,cat,2.543924694421184,7.4770384723196965,0.76099,7.013143358,0.0001
266,5b342c9da2982a0001dd9f25,human,4.082259213839231,7.4770384723196965,0.24434,7.989650076,0.0001
267,5b342c9da2982a0001dd9f25,monkey,7.217209472900504,7.4770384723196965,0.29446,6.401926546,0.0001
268,5b342c9da2982a0001dd9f25,ape,4.24383019689824,7.4770384723196965,0.6199,6.012398914,0.0001
269,5b342c9da2982a0001dd9f25,giraffe,7.151503908643004,7.4770384723196965,0.50174,5.372025949,0.0001
270,5b342c9da2982a0001dd9f25,elephant,3.7797697113071997,7.4770384723196965,0.59337,6.363660295,0.1429
271,5b342c9da2982a0001dd9f25,cheetah,6.191220651797903,7.4770384723196965,0.52848,5.023964037,0.1429
272,5b342c9da2982a0001dd9f25,lion,5.415837493633498,7.4770384723196965,0.40679,6.723957079,0.0001
273,5b342c9da2982a0001dd9f25,tiger,4.031280074591778,7.4770384723196965,0.5148,6.38952206,0.25
274,5b342c9da2982a0001dd9f25,leopard,4.364346480658114,7.4770384723196965,0.61388,5.875985616,0.2
275,5b342c9da2982a0001dd9f25,bobcat,7.761034474912958,7.4770384723196965,0.51796,4.96481099,0.0001
276,5b342c9da2982a0001dd9f25,elk,4.022553123733038,7.4770384723196965,0.64167,6.139565841,0.1667
277,5b342c9da2982a0001dd9f25,deer,2.3028326901521328,7.4770384723196965,0.82089,6.706983738,0.0001
278,5b342c9da2982a0001dd9f25,horse,4.6785035203805645,7.4770384723196965,0.31807,7.396710537,0.25
279,5b342c9da2982a0001dd9f25,goat,5.143373068162128,7.4770384723196965,0.45963,6.365838461,0.0001
280,5b342c9da2982a0001dd9f25,chicken,4.366960412670925,7.4770384723196965,0.48547,6.827585591,0.0001
281,5b342c9da2982a0001dd9f25,mink,6.729542858470651,7.4770384723196965,0.25439,5.673333376,0.2
282,5b342c9da2982a0001dd9f25,chinchilla,6.173238080117881,7.4770384723196965,0.47102,4.820615189,0.1429
283,5b342c9da2982a0001dd9f25,otter,6.482286632721251,7.4770384723196965,0.33443,5.857683409,0.0001
284,5b342c9da2982a0001dd9f25,whale,4.417884602906854,7.4770384723196965,0.59089,6.338615042,0.0001
285,5b342c9da2982a0001dd9f25,dolphin,3.441582423368198,7.4770384723196965,0.77251,5.864843201,0.1667
286,6081ca47eeed1bb51c1d7f7b,cat,5.023936205039147,7.4770384723196965,0.0001,7.013143358,0.0001
287,6081ca47eeed1bb51c1d7f7b,dog,2.247665194544749,7.4770384723196965,0.76099,7.256114028,0.0001
288,6081ca47eeed1bb51c1d7f7b,elephant,5.81568376374445,7.4770384723196965,0.40599,6.363660295,0.0001
289,6081ca47eeed1bb51c1d7f7b,tiger,3.246116687698223,7.4770384723196965,0.6684,6.38952206,0.0001
290,6081ca47eeed1bb51c1d7f7b,bird,4.901425348237717,7.4770384723196965,0.44267,7.119400245,0.0001
291,6081ca47eeed1bb51c1d7f7b,snake,5.265870025448607,7.4770384723196965,0.47913,6.615078486,0.0001
292,6081ca47eeed1bb51c1d7f7b,bear,5.374598008767824,7.4770384723196965,0.34813,7.366226929,0.0001
293,6081ca47eeed1bb51c1d7f7b,frog,5.872614579628012,7.4770384723196965,0.23728,6.319346573,0.0001
294,6081ca47eeed1bb51c1d7f7b,skunk,6.8444119273385935,7.4770384723196965,0.41631,5.613026358,0.0001
295,6081ca47eeed1bb51c1d7f7b,raccoon,4.503743385552489,7.4770384723196965,0.62844,5.500824927,0.0001
296,6081ca47eeed1bb51c1d7f7b,opossum,5.439001776657544,7.4770384723196965,0.60888,5.217673413,0.0001
297,6081ca47eeed1bb51c1d7f7b,warthog,8.233070999944148,7.4770384723196965,0.42897,4.367989194,0.0001
298,6081ca47eeed1bb51c1d7f7b,kangaroo,6.188915488730727,7.4770384723196965,0.37892,5.566218227,0.0001
299,6081ca47eeed1bb51c1d7f7b,rhinoceros,6.993846622441903,7.4770384723196965,0.37236,5.506841784,0.125
300,6081ca47eeed1bb51c1d7f7b,hippopotamus,5.38583180521719,7.4770384723196965,0.54239,5.258390618,0.2727
301,6081ca47eeed1bb51c1d7f7b,emu,6.82186305666833,7.4770384723196965,0.39599,5.299389611,0.0909
302,5be1ca6d91deed00015a986c,cat,4.626599108504832,7.4770384723196965,0.0001,7.013143358,0.0001
303,5be1ca6d91deed00015a986c,dog,2.1832765186258642,7.4770384723196965,0.76099,7.256114028,0.0001
304,5be1ca6d91deed00015a986c,lion,5.225861720056388,7.4770384723196965,0.38549,6.723957079,0.0001
305,5be1ca6d91deed00015a986c,snake,4.617949571180597,7.4770384723196965,0.37976,6.615078486,0.0001
306,5be1ca6d91deed00015a986c,duck,5.616809051541584,7.4770384723196965,0.37406,6.439638803,0.25
307,5be1ca6d91deed00015a986c,tiger,5.762354146477876,7.4770384723196965,0.34233,6.38952206,0.0001
308,5be1ca6d91deed00015a986c,whale,4.860043314308757,7.4770384723196965,0.46929,6.338615042,0.0001
309,5be1ca6d91deed00015a986c,snail,6.830312711149283,7.4770384723196965,0.34012,5.853805252,0.5
310,5be1ca6d91deed00015a986c,worm,4.632046860095587,7.4770384723196965,0.4396,6.383063674,0.0001
311,5be1ca6d91deed00015a986c,butterfly,6.0791058020774456,7.4770384723196965,0.28413,6.225709011,0.0001
312,5be1ca6d91deed00015a986c,bird,2.5723137924962898,7.4770384723196965,0.47931,7.119400245,0.1429
313,6332517a492e9ac48804f991,dog,4.51085543683879,7.4770384723196965,0.0001,7.256114028,0.0001
314,6332517a492e9ac48804f991,cat,2.578338648216426,7.4770384723196965,0.76099,7.013143358,0.0001
315,6332517a492e9ac48804f991,lion,5.238884369222479,7.4770384723196965,0.40046,6.723957079,0.0001
316,6332517a492e9ac48804f991,tiger,4.001472099623007,7.4770384723196965,0.5148,6.38952206,0.25
317,6332517a492e9ac48804f991,polar_bear,7.722595472620344,7.4770384723196965,0.46506,5.185295616,0.1429
318,6332517a492e9ac48804f991,giraffe,5.942848253726377,7.4770384723196965,0.47925,5.372025949,0.1429
319,6332517a492e9ac48804f991,monkey,4.206010779861374,7.4770384723196965,0.53731,6.401926546,0.0001
320,6332517a492e9ac48804f991,elephant,4.368777551895268,7.4770384723196965,0.54763,6.363660295,0.0001
321,6332517a492e9ac48804f991,cougar,7.489654114405104,7.4770384723196965,0.42557,5.313217401,0.0001
322,6332517a492e9ac48804f991,alligator,5.485692567021422,7.4770384723196965,0.53045,5.714162885,0.2857
323,6332517a492e9ac48804f991,walrus,7.303335613492126,7.4770384723196965,0.30832,5.417803723,0.0001
324,6332517a492e9ac48804f991,buffalo,4.654620033909371,7.4770384723196965,0.35991,6.710471006,0.0001
325,6332517a492e9ac48804f991,bear,4.366896743213458,7.4770384723196965,0.26571,7.366226929,0.1667
326,6332517a492e9ac48804f991,antelope,6.605448670838489,7.4770384723196965,0.33404,5.845170623,0.0001
327,6332517a492e9ac48804f991,horse,4.893569112027627,7.4770384723196965,0.30148,7.396710537,0.0001
328,645abc0f7fa6368e6df2d973,dog,4.43413730933901,7.4770384723196965,0.0001,7.256114028,0.0001
329,645abc0f7fa6368e6df2d973,cat,2.5778454866678593,7.4770384723196965,0.76099,7.013143358,0.0001
330,645abc0f7fa6368e6df2d973,horse,4.2401693376333665,7.4770384723196965,0.38148,7.396710537,0.0001
331,645abc0f7fa6368e6df2d973,goat,4.9351889715605735,7.4770384723196965,0.45963,6.365838461,0.0001
332,645abc0f7fa6368e6df2d973,deer,5.229529234742165,7.4770384723196965,0.3997,6.706983738,0.0001
333,645abc0f7fa6368e6df2d973,squirrel,4.8782874259665565,7.4770384723196965,0.56106,6.080840335,0.0001
334,645abc0f7fa6368e6df2d973,carp,7.42345508317745,7.4770384723196965,0.34967,5.675990856,0.1667
335,645abc0f7fa6368e6df2d973,ant,5.661860639795331,7.4770384723196965,0.28029,6.426146105,0.0001
336,645abc0f7fa6368e6df2d973,spider,4.020419232121671,7.4770384723196965,0.56327,6.281649128,0.0001
337,645abc0f7fa6368e6df2d973,zebra,7.122088312841387,7.4770384723196965,0.30397,5.561689192,0.0001
338,645abc0f7fa6368e6df2d973,antelope,5.022493269484083,7.4770384723196965,0.52816,5.845170623,0.0001
339,645abc0f7fa6368e6df2d973,tiger,5.7196289608827104,7.4770384723196965,0.45146,6.38952206,0.1429
340,645abc0f7fa6368e6df2d973,lion,3.9311516480922433,7.4770384723196965,0.5148,6.723957079,0.25
341,645abc0f7fa6368e6df2d973,bear,3.059577681092189,7.4770384723196965,0.44655,7.366226929,0.0001
342,645abc0f7fa6368e6df2d973,kangaroo,7.113861043686306,7.4770384723196965,0.30037,5.566218227,0.0001
343,645abc0f7fa6368e6df2d973,donkey,5.45013409918476,7.4770384723196965,0.40594,6.018421695,0.1667
344,645abc0f7fa6368e6df2d973,caterpillar,7.05700701959934,7.4770384723196965,0.29167,5.827004623,0.0001
345,62cba72839d35cbf953cdd6f,panda,7.166701486557373,7.4770384723196965,0.0001,5.255675247,0.0001
346,62cba72839d35cbf953cdd6f,lion,5.173453509157569,7.4770384723196965,0.38471,6.723957079,0.0001
347,62cba72839d35cbf953cdd6f,tiger,4.126971376155662,7.4770384723196965,0.5148,6.38952206,0.25
348,62cba72839d35cbf953cdd6f,koala,7.146460669137825,7.4770384723196965,0.44506,4.747015401,0.0001
349,62cba72839d35cbf953cdd6f,giraffe,7.032473990036118,7.4770384723196965,0.43924,5.372025949,0.0001
350,62cba72839d35cbf953cdd6f,hippopotamus,4.618358455503667,7.4770384723196965,0.6439,5.258390618,0.0001
351,62cba72839d35cbf953cdd6f,cat,5.398318025476666,7.4770384723196965,0.45082,7.013143358,0.0909
352,62cba72839d35cbf953cdd6f,dog,2.4771133816449082,7.4770384723196965,0.76099,7.256114028,0.0001
353,62cba72839d35cbf953cdd6f,skunk,6.023871774815029,7.4770384723196965,0.50373,5.613026358,0.0001
354,62cba72839d35cbf953cdd6f,opossum,7.211186668060284,7.4770384723196965,0.48403,5.217673413,0.0001
355,62cba72839d35cbf953cdd6f,raccoon,4.596771567028577,7.4770384723196965,0.60888,5.500824927,0.0001
356,62cba72839d35cbf953cdd6f,fox,3.5615348368577453,7.4770384723196965,0.59677,6.849727181,0.2
357,62cba72839d35cbf953cdd6f,mountain_lion,6.034095035785383,7.4770384723196965,0.57231,5.028693228,0.0001
358,5f402eb4fbd8df145068b8055f402eb4fbd8df145068b805,dog,4.652373214397363,7.4770384723196965,0.0001,7.256114028,0.0001
359,5f402eb4fbd8df145068b8055f402eb4fbd8df145068b805,cat,2.4627250825790545,7.4770384723196965,0.76099,7.013143358,0.0001
360,5f402eb4fbd8df145068b8055f402eb4fbd8df145068b805,horse,4.485977967650356,7.4770384723196965,0.38148,7.396710537,0.0001
361,5f402eb4fbd8df145068b8055f402eb4fbd8df145068b805,cow,4.517670152733221,7.4770384723196965,0.49454,6.679047222,0.0001
362,5f402eb4fbd8df145068b8055f402eb4fbd8df145068b805,monkey,5.738314628160267,7.4770384723196965,0.41434,6.401926546,0.2
363,5f402eb4fbd8df145068b8055f402eb4fbd8df145068b805,gorilla,4.6434004208787325,7.4770384723196965,0.63735,5.657093158,0.0001
364,5f402eb4fbd8df145068b8055f402eb4fbd8df145068b805,chimpanzee,4.637765737813086,7.4770384723196965,0.60954,5.578696501,0.0001
365,5f402eb4fbd8df145068b8055f402eb4fbd8df145068b805,bird,4.817294383268028,7.4770384723196965,0.33639,7.119400245,0.0001
366,5f402eb4fbd8df145068b8055f402eb4fbd8df145068b805,fish,4.153246652359461,7.4770384723196965,0.49668,7.344814258,0.0001
367,5f402eb4fbd8df145068b8055f402eb4fbd8df145068b805,elephant,5.790296370510322,7.4770384723196965,0.27349,6.363660295,0.1429
368,5f402eb4fbd8df145068b8055f402eb4fbd8df145068b805,giraffe,5.275620667533707,7.4770384723196965,0.59337,5.372025949,0.1429
369,5f402eb4fbd8df145068b8055f402eb4fbd8df145068b805,rhinoceros,4.723344495346374,7.4770384723196965,0.62082,5.506841784,0.125
370,5f402eb4fbd8df145068b8055f402eb4fbd8df145068b805,lion,4.343421096976087,7.4770384723196965,0.43142,6.723957079,0.125
371,5f402eb4fbd8df145068b8055f402eb4fbd8df145068b805,cougar,7.354508963174146,7.4770384723196965,0.36375,5.313217401,0.0001
372,5f402eb4fbd8df145068b8055f402eb4fbd8df145068b805,bear,3.7535072956647793,7.4770384723196965,0.45967,7.366226929,0.0001
373,5f402eb4fbd8df145068b8055f402eb4fbd8df145068b805,panda,7.448922728816331,7.4770384723196965,0.35156,5.255675247,0.0001
374,5f402eb4fbd8df145068b8055f402eb4fbd8df145068b805,koala,6.414656136005345,7.4770384723196965,0.51657,4.747015401,0.2
375,5f402eb4fbd8df145068b8055f402eb4fbd8df145068b805,alligator,6.723727589076707,7.4770384723196965,0.37326,5.714162885,0.0001
376,5f402eb4fbd8df145068b8055f402eb4fbd8df145068b805,crocodile,3.9656164556714946,7.4770384723196965,0.71006,5.741384054,0.0001
377,5f402eb4fbd8df145068b8055f402eb4fbd8df145068b805,mouse,5.244851543843894,7.4770384723196965,0.22072,6.776846046,0.0001
378,5f402eb4fbd8df145068b8055f402eb4fbd8df145068b805,rat,3.7253709250748765,7.4770384723196965,0.47078,6.766463413,0.0001
379,5f402eb4fbd8df145068b8055f402eb4fbd8df145068b805,rabbit,3.786786121323035,7.4770384723196965,0.56234,6.568628649,0.6
380,5f402eb4fbd8df145068b8055f402eb4fbd8df145068b805,mole,7.076933296211968,7.4770384723196965,0.33209,6.347595976,0.0001
381,5f402eb4fbd8df145068b8055f402eb4fbd8df145068b805,chipmunk,7.625676998680495,7.4770384723196965,0.31592,5.149619342,0.1429
382,5f402eb4fbd8df145068b8055f402eb4fbd8df145068b805,squirrel,3.701522290954247,7.4770384723196965,0.62051,6.080840335,0.0001
383,5f402eb4fbd8df145068b8055f402eb4fbd8df145068b805,opossum,6.415950451989734,7.4770384723196965,0.55201,5.217673413,0.1667
384,5f402eb4fbd8df145068b8055f402eb4fbd8df145068b805,skunk,5.669194655186833,7.4770384723196965,0.48403,5.613026358,0.0001
385,5f402eb4fbd8df145068b8055f402eb4fbd8df145068b805,deer,4.440176436432489,7.4770384723196965,0.44101,6.706983738,0.0001
386,5f402eb4fbd8df145068b8055f402eb4fbd8df145068b805,pig,5.458967525668389,7.4770384723196965,0.38957,6.611542969,0.3333
387,5f402eb4fbd8df145068b8055f402eb4fbd8df145068b805,chicken,3.574956661740099,7.4770384723196965,0.58633,6.827585591,0.2
388,5f402eb4fbd8df145068b8055f402eb4fbd8df145068b805,goat,5.787329120937905,7.4770384723196965,0.48547,6.365838461,0.0001
389,5f402eb4fbd8df145068b8055f402eb4fbd8df145068b805,llama,5.2863323634065695,7.4770384723196965,0.64273,5.269141534,0.0001
390,5f402eb4fbd8df145068b8055f402eb4fbd8df145068b805,buffalo,4.176722733252547,7.4770384723196965,0.49,6.710471006,0.1667
391,5f402eb4fbd8df145068b8055f402eb4fbd8df145068b805,puma,7.726008031986064,7.4770384723196965,0.3716,5.219539994,0.1667
392,5e36f211c5175f000b4038e9,lemur,7.6833710264139805,7.4770384723196965,0.0001,4.904358444,0.0001
393,5e36f211c5175f000b4038e9,kangaroo,6.591619143807964,7.4770384723196965,0.39156,5.566218227,0.1667
394,5e36f211c5175f000b4038e9,lion,5.553042652522161,7.4770384723196965,0.30153,6.723957079,0.0001
395,5e36f211c5175f000b4038e9,cheetah,6.51457140687758,7.4770384723196965,0.40679,5.023964037,0.0001
396,5e36f211c5175f000b4038e9,armadillo,7.012683795869298,7.4770384723196965,0.38203,5.091213085,0.125
397,5e36f211c5175f000b4038e9,bear,4.937147488141488,7.4770384723196965,0.2276,7.366226929,0.0001
398,5e36f211c5175f000b4038e9,dog,4.454082171705435,7.4770384723196965,0.36639,7.256114028,0.0001
399,5e36f211c5175f000b4038e9,cat,2.820915541991069,7.4770384723196965,0.76099,7.013143358,0.0001
400,5e36f211c5175f000b4038e9,hedgehog,6.347920374234006,7.4770384723196965,0.50153,5.301448888,0.0001
401,5e36f211c5175f000b4038e9,snake,5.6632555896102446,7.4770384723196965,0.44648,6.615078486,0.0001
402,5e36f211c5175f000b4038e9,komodo_dragon,8.206926005775104,7.4770384723196965,0.50423,3.9259821,0.0001
403,5e36f211c5175f000b4038e9,porpoise,6.059348061634139,7.4770384723196965,0.54604,5.233392128,0.1667
404,5e36f211c5175f000b4038e9,dolphin,4.368399656109502,7.4770384723196965,0.6555,5.864843201,0.1667
405,5e36f211c5175f000b4038e9,zebra,6.8342333339268455,7.4770384723196965,0.40192,5.561689192,0.1667
406,5e36f211c5175f000b4038e9,antelope,4.9325559658821945,7.4770384723196965,0.52816,5.845170623,0.0001
407,5e36f211c5175f000b4038e9,rat,5.5104990304167005,7.4770384723196965,0.31637,6.766463413,0.1429
408,5e36f211c5175f000b4038e9,mouse,4.403942535140655,7.4770384723196965,0.47078,6.776846046,0.0001
409,5e36f211c5175f000b4038e9,shrew,6.734135938314632,7.4770384723196965,0.28875,5.545810408,0.0001
410,62fcf3d9948e4a6a9623cce8,bear,4.786199916577856,7.4770384723196965,0.0001,7.366226929,0.0001
411,62fcf3d9948e4a6a9623cce8,lion,4.671439554035906,7.4770384723196965,0.44655,6.723957079,0.0001
412,62fcf3d9948e4a6a9623cce8,tiger,4.070065272505297,7.4770384723196965,0.5148,6.38952206,0.25
413,62fcf3d9948e4a6a9623cce8,dog,4.897487967451669,7.4770384723196965,0.44005,7.256114028,0.25
414,62fcf3d9948e4a6a9623cce8,cat,2.5429114920055618,7.4770384723196965,0.76099,7.013143358,0.0001
415,62fcf3d9948e4a6a9623cce8,mouse,5.402401602214267,7.4770384723196965,0.46668,6.776846046,0.0001
416,62fcf3d9948e4a6a9623cce8,rat,3.82628984488244,7.4770384723196965,0.47078,6.766463413,0.0001
417,62fcf3d9948e4a6a9623cce8,snake,3.768505706077453,7.4770384723196965,0.5645,6.615078486,0.0001
418,62fcf3d9948e4a6a9623cce8,camel,6.152030467522389,7.4770384723196965,0.39299,6.123051541,0.0001
419,62fcf3d9948e4a6a9623cce8,giraffe,5.469381990514381,7.4770384723196965,0.46761,5.372025949,0.0001
420,62fcf3d9948e4a6a9623cce8,hippopotamus,4.787445307065739,7.4770384723196965,0.6439,5.258390618,0.0001
421,62fcf3d9948e4a6a9623cce8,rhinoceros,6.935782675266556,7.4770384723196965,0.54239,5.506841784,0.2727
422,62fcf3d9948e4a6a9623cce8,elephant,3.1033686478791727,7.4770384723196965,0.64381,6.363660295,0.0001
423,62fcf3d9948e4a6a9623cce8,gorilla,4.676124350398941,7.4770384723196965,0.5981,5.657093158,0.1429
424,62fcf3d9948e4a6a9623cce8,hyena,7.239612360862775,7.4770384723196965,0.48476,5.284998893,0.2
425,62fcf3d9948e4a6a9623cce8,antelope,4.8373147738894025,7.4770384723196965,0.51109,5.845170623,0.0001
426,62fcf3d9948e4a6a9623cce8,deer,3.171746643483266,7.4770384723196965,0.63499,6.706983738,0.0001
427,62fcf3d9948e4a6a9623cce8,gazelle,7.155915511497654,7.4770384723196965,0.32016,5.345203116,0.0001
428,62fcf3d9948e4a6a9623cce8,ostrich,6.244231530629666,7.4770384723196965,0.34525,5.653586811,0.0001
429,62fcf3d9948e4a6a9623cce8,koala,8.032874401724566,7.4770384723196965,0.2111,4.747015401,0.0001
430,62fcf3d9948e4a6a9623cce8,kangaroo,4.942631356031122,7.4770384723196965,0.49265,5.566218227,0.1667
431,62fcf3d9948e4a6a9623cce8,ocelot,8.304308671991345,7.4770384723196965,0.31188,4.575799584,0.0001
432,62fcf3d9948e4a6a9623cce8,cougar,5.498182835978401,7.4770384723196965,0.43866,5.313217401,0.0001
433,63bcbf7e0ac7e876387ef720,dog,4.395044626610383,7.4770384723196965,0.0001,7.256114028,0.0001
434,63bcbf7e0ac7e876387ef720,cat,2.3761306539725644,7.4770384723196965,0.76099,7.013143358,0.0001
435,63bcbf7e0ac7e876387ef720,horse,4.19524159469593,7.4770384723196965,0.38148,7.396710537,0.0001
436,63bcbf7e0ac7e876387ef720,cow,4.65972263060193,7.4770384723196965,0.49454,6.679047222,0.0001
437,63bcbf7e0ac7e876387ef720,elephant,5.761432796476315,7.4770384723196965,0.46349,6.363660295,0.0001
438,63bcbf7e0ac7e876387ef720,giraffe,5.527544466497301,7.4770384723196965,0.59337,5.372025949,0.1429
439,63bcbf7e0ac7e876387ef720,rhinoceros,4.834976190186625,7.4770384723196965,0.62082,5.506841784,0.125
440,63bcbf7e0ac7e876387ef720,hippopotamus,5.636074040581969,7.4770384723196965,0.54239,5.258390618,0.2727
441,63bcbf7e0ac7e876387ef720,tiger,5.719207204692728,7.4770384723196965,0.48274,6.38952206,0.0909
442,63bcbf7e0ac7e876387ef720,lion,3.8934381615001934,7.4770384723196965,0.5148,6.723957079,0.25
443,63bcbf7e0ac7e876387ef720,hyena,7.6951399674684104,7.4770384723196965,0.4831,5.284998893,0.2
444,63bcbf7e0ac7e876387ef720,leopard,4.734033164627083,7.4770384723196965,0.5203,5.875985616,0.0001
445,63bcbf7e0ac7e876387ef720,fox,4.995107019673058,7.4770384723196965,0.50506,6.849727181,0.0001
446,63bcbf7e0ac7e876387ef720,wolf,3.880119174784254,7.4770384723196965,0.57338,6.745548976,0.0001
447,63bcbf7e0ac7e876387ef720,deer,3.432970646031642,7.4770384723196965,0.60903,6.706983738,0.0001
448,63bcbf7e0ac7e876387ef720,antelope,4.738085885107559,7.4770384723196965,0.63499,5.845170623,0.0001
449,63bcbf7e0ac7e876387ef720,elk,3.3892654680049406,7.4770384723196965,0.68115,6.139565841,0.1429
450,63bcbf7e0ac7e876387ef720,moose,3.602958545835023,7.4770384723196965,0.74802,5.977754233,0.0001
451,63bcbf7e0ac7e876387ef720,mouse,5.106477007530582,7.4770384723196965,0.2397,6.776846046,0.6667
452,63bcbf7e0ac7e876387ef720,rat,3.7493666736534315,7.4770384723196965,0.47078,6.766463413,0.0001
453,63bcbf7e0ac7e876387ef720,bird,4.593077624616242,7.4770384723196965,0.37336,7.119400245,0.0001
454,63bcbf7e0ac7e876387ef720,fish,3.931873055677602,7.4770384723196965,0.49668,7.344814258,0.0001
455,63bf3247bf3b5ebd734157ee,cow,5.427353151518894,7.4770384723196965,0.0001,6.679047222,0.0001
456,63bf3247bf3b5ebd734157ee,horse,3.4418968032012773,7.4770384723196965,0.49454,7.396710537,0.0001
457,63bf3247bf3b5ebd734157ee,pig,4.530077531549189,7.4770384723196965,0.47001,6.611542969,0.0001
458,63bf3247bf3b5ebd734157ee,dog,4.756735430008287,7.4770384723196965,0.45091,7.256114028,0.3333
459,63bf3247bf3b5ebd734157ee,cat,2.6344902959844587,7.4770384723196965,0.76099,7.013143358,0.0001
460,63bf3247bf3b5ebd734157ee,bear,4.634852747902698,7.4770384723196965,0.38329,7.366226929,0.0001
461,63bf3247bf3b5ebd734157ee,deer,4.6502649197385475,7.4770384723196965,0.40814,6.706983738,0.3333
462,63bf3247bf3b5ebd734157ee,antelope,4.678728072409485,7.4770384723196965,0.63499,5.845170623,0.0001
463,63bf3247bf3b5ebd734157ee,moose,6.325056939976551,7.4770384723196965,0.57927,5.977754233,0.0001
464,63bf3247bf3b5ebd734157ee,elk,3.6241929760189913,7.4770384723196965,0.74802,6.139565841,0.0001
465,63bf3247bf3b5ebd734157ee,giraffe,7.189657945882124,7.4770384723196965,0.33964,5.372025949,0.0001
466,63bf3247bf3b5ebd734157ee,elephant,3.931674617306646,7.4770384723196965,0.59337,6.363660295,0.1429
467,63bf3247bf3b5ebd734157ee,chimpanzee,6.884165909746692,7.4770384723196965,0.51253,5.578696501,0.125
468,63bf3247bf3b5ebd734157ee,gorilla,4.229451164338983,7.4770384723196965,0.60954,5.657093158,0.0001
469,63bf3247bf3b5ebd734157ee,lion,5.373121399447074,7.4770384723196965,0.48662,6.723957079,0.0001
470,63bf3247bf3b5ebd734157ee,tiger,3.9958420500476155,7.4770384723196965,0.5148,6.38952206,0.25
471,63bf3247bf3b5ebd734157ee,leopard,4.503401995173278,7.4770384723196965,0.61388,5.875985616,0.2
472,63bf3247bf3b5ebd734157ee,cockatoo,8.134671832995299,7.4770384723196965,0.35562,4.779942635,0.0001
473,63bf3247bf3b5ebd734157ee,parrot,4.126931089119594,7.4770384723196965,0.59329,5.921096266,0.3333
474,63bf3247bf3b5ebd734157ee,parakeet,5.814123212805208,7.4770384723196965,0.63912,4.868873573,0.7143
475,63bf3247bf3b5ebd734157ee,budgie,7.771540675431512,7.4770384723196965,0.45013,4.16459076,0.0001
476,63bf3247bf3b5ebd734157ee,dove,5.868886220810842,7.4770384723196965,0.18148,6.324396057,0.1429
477,63bf3247bf3b5ebd734157ee,ant,6.992795195111699,7.4770384723196965,0.1864,6.426146105,0.0001
478,63bf3247bf3b5ebd734157ee,mosquito,5.289849733019201,7.4770384723196965,0.4391,6.026549198,0.1429
479,63bf3247bf3b5ebd734157ee,fly,6.675486003895076,7.4770384723196965,0.20544,7.029176525,0.0001
480,63bf3247bf3b5ebd734157ee,gnat,7.361173990163992,7.4770384723196965,0.15039,5.259366878,0.0001
481,63bf3247bf3b5ebd734157ee,mouse,5.891695739270919,7.4770384723196965,0.20508,6.776846046,0.0001
482,63bf3247bf3b5ebd734157ee,rat,3.526871889427066,7.4770384723196965,0.47078,6.766463413,0.0001
483,63bf3247bf3b5ebd734157ee,rattlesnake,6.783793217688175,7.4770384723196965,0.37573,5.648320972,0.3333
484,63bf3247bf3b5ebd734157ee,cobra,5.652055118974372,7.4770384723196965,0.48415,5.674975897,0.0001
485,63bf3247bf3b5ebd734157ee,tarantula,6.3618928648799695,7.4770384723196965,0.47584,5.008067622,0.1111
486,63bf3247bf3b5ebd734157ee,hamster,5.538861006210901,7.4770384723196965,0.47487,5.543432268,0.1111
487,60eb1a7c95641da67ae7d611,cat,5.30539360303568,7.4770384723196965,0.0001,7.013143358,0.0001
488,60eb1a7c95641da67ae7d611,dog,2.2886145822336523,7.4770384723196965,0.76099,7.256114028,0.0001
489,60eb1a7c95641da67ae7d611,deer,5.598609363929859,7.4770384723196965,0.36411,6.706983738,0.3333
490,60eb1a7c95641da67ae7d611,groundhog,8.415801856161888,7.4770384723196965,0.40811,4.796018969,0.125
491,60eb1a7c95641da67ae7d611,bird,5.206613295778648,7.4770384723196965,0.4029,7.119400245,0.125
492,60eb1a7c95641da67ae7d611,hummingbird,5.491859644311158,7.4770384723196965,0.63528,5.352031937,0.25
493,60eb1a7c95641da67ae7d611,rabbit,5.735534043509519,7.4770384723196965,0.40675,6.568628649,0.125
494,60eb1a7c95641da67ae7d611,coyote,5.130815441142097,7.4770384723196965,0.5678,6.007340169,0.0001
495,60eb1a7c95641da67ae7d611,bobcat,4.306134357917921,7.4770384723196965,0.76995,4.96481099,0.0001
496,60eb1a7c95641da67ae7d611,mountain_lion,3.971604512984478,7.4770384723196965,0.77866,5.028693228,0.0001
497,60eb1a7c95641da67ae7d611,prairie_dog,5.793768986682488,7.4770384723196965,0.56976,4.901915806,0.0909
498,5d321a7348bf98001646aeb2,dog,4.686019719920024,7.4770384723196965,0.0001,7.256114028,0.0001
499,5d321a7348bf98001646aeb2,cat,2.6556002744226515,7.4770384723196965,0.76099,7.013143358,0.0001
500,5d321a7348bf98001646aeb2,rabbit,4.00018528155932,7.4770384723196965,0.62613,6.568628649,0.4
501,5d321a7348bf98001646aeb2,gerbil,7.983538341372366,7.4770384723196965,0.46138,4.725674828,0.1667
502,5d321a7348bf98001646aeb2,mouse,4.516323176651224,7.4770384723196965,0.35996,6.776846046,0.0001
503,5d321a7348bf98001646aeb2,elephant,5.798686377760709,7.4770384723196965,0.26099,6.363660295,0.0001
504,5d321a7348bf98001646aeb2,tiger,3.539505244500931,7.4770384723196965,0.6684,6.38952206,0.0001
505,5d321a7348bf98001646aeb2,lion,4.052172146761218,7.4770384723196965,0.5148,6.723957079,0.25
506,5d321a7348bf98001646aeb2,monkey,5.747858383604283,7.4770384723196965,0.44886,6.401926546,0.0001
507,5d321a7348bf98001646aeb2,giraffe,5.905585924184841,7.4770384723196965,0.53731,5.372025949,0.0001
508,5d321a7348bf98001646aeb2,baboon,5.791682915191361,7.4770384723196965,0.53367,5.366632115,0.0001
509,5d321a7348bf98001646aeb2,ferret,8.229111983049151,7.4770384723196965,0.22977,5.531510849,0.0001
510,5d321a7348bf98001646aeb2,hippopotamus,8.493116184785022,7.4770384723196965,0.17411,5.258390618,0.1818
511,5dd405ab80123f3eaae9af80,dog,4.708411903163279,7.4770384723196965,0.0001,7.256114028,0.0001
512,5dd405ab80123f3eaae9af80,cat,2.5940139888555005,7.4770384723196965,0.76099,7.013143358,0.0001
513,5dd405ab80123f3eaae9af80,bird,4.047541785445948,7.4770384723196965,0.51471,7.119400245,0.0001
514,5dd405ab80123f3eaae9af80,snake,5.116438803040098,7.4770384723196965,0.47913,6.615078486,0.0001
515,5dd405ab80123f3eaae9af80,whale,5.8376482104309915,7.4770384723196965,0.39391,6.338615042,0.25
516,5dd405ab80123f3eaae9af80,fish,3.067902578859965,7.4770384723196965,0.55407,7.344814258,0.0001
517,5dd405ab80123f3eaae9af80,dolphin,5.194062421878298,7.4770384723196965,0.59067,5.864843201,0.1667
518,5dd405ab80123f3eaae9af80,lemur,7.980575591862315,7.4770384723196965,0.44383,4.904358444,0.1667
519,5dd405ab80123f3eaae9af80,gorilla,4.8151499369850495,7.4770384723196965,0.6071,5.657093158,0.0001
520,5dd405ab80123f3eaae9af80,giraffe,4.787796081820476,7.4770384723196965,0.6624,5.372025949,0.2
521,5dd405ab80123f3eaae9af80,zebra,4.740035445693342,7.4770384723196965,0.63716,5.561689192,0.0001
522,5dd405ab80123f3eaae9af80,horse,3.7162189121162585,7.4770384723196965,0.42613,7.396710537,0.2
523,5dd405ab80123f3eaae9af80,butterfly,5.987782128456394,7.4770384723196965,0.14375,6.225709011,0.0001
524,5dd405ab80123f3eaae9af80,skunk,6.959313516347827,7.4770384723196965,0.29251,5.613026358,0.0001
525,5dd405ab80123f3eaae9af80,raccoon,4.775399193452005,7.4770384723196965,0.62844,5.500824927,0.0001
526,5dd405ab80123f3eaae9af80,possum,5.472152036551763,7.4770384723196965,0.58097,5.440409986,0.0001
527,5dd405ab80123f3eaae9af80,bat,5.592610166456932,7.4770384723196965,0.23136,6.527307346,0.0001
528,5dd405ab80123f3eaae9af80,squirrel,6.382254882009993,7.4770384723196965,0.24262,6.080840335,0.0001
529,5dd405ab80123f3eaae9af80,chipmunk,6.073700072119482,7.4770384723196965,0.62051,5.149619342,0.0001
530,5dd405ab80123f3eaae9af80,crow,5.7597027141979655,7.4770384723196965,0.34516,6.398037974,0.0001
531,5dd405ab80123f3eaae9af80,rat,4.898537347282149,7.4770384723196965,0.37818,6.766463413,0.0001
532,5dd405ab80123f3eaae9af80,mule,6.954726378364207,7.4770384723196965,0.27459,6.274039557,0.0001
533,5dd405ab80123f3eaae9af80,ocelot,8.559818461303546,7.4770384723196965,0.20449,4.575799584,0.1667
534,5dd405ab80123f3eaae9af80,cheetah,6.394267375827618,7.4770384723196965,0.41212,5.023964037,0.0001
535,5dd405ab80123f3eaae9af80,lion,5.34466420371554,7.4770384723196965,0.40679,6.723957079,0.0001
536,5dd405ab80123f3eaae9af80,elephant,4.040270775709779,7.4770384723196965,0.51286,6.363660295,0.4286
537,5dd405ab80123f3eaae9af80,cobra,5.929455204165423,7.4770384723196965,0.45176,5.674975897,0.1429
538,63ceb402a31914be6497e671,dog,4.288292688521003,7.4770384723196965,0.0001,7.256114028,0.0001
539,63ceb402a31914be6497e671,goat,5.0320722237873685,7.4770384723196965,0.5043,6.365838461,0.0001
540,63ceb402a31914be6497e671,cow,3.415546966284984,7.4770384723196965,0.63485,6.679047222,0.0001
541,63ceb402a31914be6497e671,donkey,5.3968237509216115,7.4770384723196965,0.49038,6.018421695,0.2
542,63ceb402a31914be6497e671,rat,5.081716177413111,7.4770384723196965,0.33058,6.766463413,0.0001
543,63ceb402a31914be6497e671,rabbit,3.784922789893836,7.4770384723196965,0.56234,6.568628649,0.6
544,63ceb402a31914be6497e671,snake,4.4408536901637845,7.4770384723196965,0.53678,6.615078486,0.0001
545,63ceb402a31914be6497e671,snail,6.34677439442095,7.4770384723196965,0.42301,5.853805252,0.75
546,63ceb402a31914be6497e671,duck,5.508539354644117,7.4770384723196965,0.3314,6.439638803,0.0001
547,63ceb402a31914be6497e671,lion,5.153280998434853,7.4770384723196965,0.25754,6.723957079,0.0001
548,63ceb402a31914be6497e671,tiger,4.027810891081032,7.4770384723196965,0.5148,6.38952206,0.25
549,599ec7dc617ca80001fcd124,bear,4.046357480125645,7.4770384723196965,0.0001,7.366226929,0.0001
550,599ec7dc617ca80001fcd124,cat,4.336237200453816,7.4770384723196965,0.38329,7.013143358,0.0001
551,599ec7dc617ca80001fcd124,dog,2.1048842530570937,7.4770384723196965,0.76099,7.256114028,0.0001
552,599ec7dc617ca80001fcd124,elephant,5.8029587783623215,7.4770384723196965,0.40599,6.363660295,0.0001
553,599ec7dc617ca80001fcd124,lion,3.829381010322568,7.4770384723196965,0.51286,6.723957079,0.4286
554,599ec7dc617ca80001fcd124,tiger,4.045678528754561,7.4770384723196965,0.5148,6.38952206,0.25
555,599ec7dc617ca80001fcd124,giraffe,6.789193978191368,7.4770384723196965,0.47549,5.372025949,0.0001
556,599ec7dc617ca80001fcd124,cow,4.474925621814136,7.4770384723196965,0.42331,6.679047222,0.0001
557,5c01dc58067bbf00019bb318,dog,4.348841764233244,7.4770384723196965,0.0001,7.256114028,0.0001
558,5c01dc58067bbf00019bb318,cat,2.435412899055113,7.4770384723196965,0.76099,7.013143358,0.0001
559,5c01dc58067bbf00019bb318,elephant,5.765833258254986,7.4770384723196965,0.46387,6.363660295,0.1429
560,5c01dc58067bbf00019bb318,tiger,3.3543517260518785,7.4770384723196965,0.6684,6.38952206,0.0001
561,5c01dc58067bbf00019bb318,lion,3.851299321795124,7.4770384723196965,0.5148,6.723957079,0.25
562,5c01dc58067bbf00019bb318,zebra,6.789399699814704,7.4770384723196965,0.37202,5.561689192,0.0001
563,5c01dc58067bbf00019bb318,bear,4.736276704762355,7.4770384723196965,0.29268,7.366226929,0.2
564,5c01dc58067bbf00019bb318,rat,5.103175920364414,7.4770384723196965,0.27677,6.766463413,0.0001
565,5c01dc58067bbf00019bb318,mouse,4.104653547757821,7.4770384723196965,0.47078,6.776846046,0.0001
566,5c01dc58067bbf00019bb318,moose,6.441273566758993,7.4770384723196965,0.2397,5.977754233,0.6667
567,5c01dc58067bbf00019bb318,elk,3.545768031305822,7.4770384723196965,0.74802,6.139565841,0.0001
568,5c01dc58067bbf00019bb318,deer,2.210553458310623,7.4770384723196965,0.82089,6.706983738,0.0001
569,5c01dc58067bbf00019bb318,ox,5.821355993968698,7.4770384723196965,0.27139,6.331019334,0.0001
570,5c01dc58067bbf00019bb318,pig,3.887402088935482,7.4770384723196965,0.44293,6.611542969,0.0001
571,5c01dc58067bbf00019bb318,cow,3.2904200926434597,7.4770384723196965,0.6575,6.679047222,0.0001
572,5c01dc58067bbf00019bb318,chicken,4.665985444291065,7.4770384723196965,0.41514,6.827585591,0.2
573,5c01dc58067bbf00019bb318,eagle,5.3054875399578565,7.4770384723196965,0.20983,6.640854253,0.2
574,5c01dc58067bbf00019bb318,hawk,6.424318995242856,7.4770384723196965,0.26322,6.384581525,0.0001
575,5c01dc58067bbf00019bb318,falcon,4.581237873509474,7.4770384723196965,0.45843,5.93662582,0.1667
576,5c01dc58067bbf00019bb318,wolf,5.1365996722202265,7.4770384723196965,0.43981,6.745548976,0.1667
577,5c01dc58067bbf00019bb318,coyote,4.510554839115198,7.4770384723196965,0.62976,6.007340169,0.0001
578,5c01dc58067bbf00019bb318,cobra,7.002481217001743,7.4770384723196965,0.38207,5.674975897,0.2
579,5c01dc58067bbf00019bb318,rattlesnake,5.490978309430373,7.4770384723196965,0.48415,5.648320972,0.0001
580,5c01dc58067bbf00019bb318,lizard,4.621276374252714,7.4770384723196965,0.58859,5.89522027,0.1111
581,640618ed4acdff51122e13c4,bear,4.505387612956707,7.4770384723196965,0.0001,7.366226929,0.0001
582,640618ed4acdff51122e13c4,bird,4.31396331992749,7.4770384723196965,0.35084,7.119400245,0.3333
583,640618ed4acdff51122e13c4,cat,4.277447255894733,7.4770384723196965,0.51471,7.013143358,0.0001
584,640618ed4acdff51122e13c4,lion,5.200505449192951,7.4770384723196965,0.40046,6.723957079,0.0001
585,640618ed4acdff51122e13c4,rooster,6.745555870321375,7.4770384723196965,0.34546,5.703855165,0.0001
586,640618ed4acdff51122e13c4,hen,4.6158275230341985,7.4770384723196965,0.51293,6.445523252,0.0001
587,640618ed4acdff51122e13c4,dog,4.637304944451205,7.4770384723196965,0.32958,7.256114028,0.0001
588,640618ed4acdff51122e13c4,squirrel,5.468309660676841,7.4770384723196965,0.47351,6.080840335,0.0001
589,640618ed4acdff51122e13c4,coyote,5.0672238763890345,7.4770384723196965,0.60838,6.007340169,0.1667
590,640618ed4acdff51122e13c4,puma,6.731940242943113,7.4770384723196965,0.48975,5.219539994,0.0001
591,640618ed4acdff51122e13c4,gorilla,5.673543555359994,7.4770384723196965,0.45794,5.657093158,0.2
592,640618ed4acdff51122e13c4,kangaroo,6.959500899593998,7.4770384723196965,0.44748,5.566218227,0.0001
593,640618ed4acdff51122e13c4,wallaby,6.962413707215765,7.4770384723196965,0.56545,4.54036702,0.0001
594,640618ed4acdff51122e13c4,koala,6.971621870484976,7.4770384723196965,0.5523,4.747015401,0.3333
595,640618ed4acdff51122e13c4,elephant,5.786809998322757,7.4770384723196965,0.39894,6.363660295,0.1429
596,640618ed4acdff51122e13c4,snake,4.296815475782073,7.4770384723196965,0.50669,6.615078486,0.0001
597,640618ed4acdff51122e13c4,bat,6.516818822690952,7.4770384723196965,0.26572,6.527307346,0.0001
598,640618ed4acdff51122e13c4,goat,5.783812547782034,7.4770384723196965,0.21144,6.365838461,0.3333
599,640618ed4acdff51122e13c4,horse,3.744311977045304,7.4770384723196965,0.45963,7.396710537,0.0001
600,640618ed4acdff51122e13c4,chimpanzee,7.703030352845213,7.4770384723196965,0.24888,5.578696501,0.0001
601,5f77c6a1a110ce346dc016ec,dog,4.390493475551277,7.4770384723196965,0.0001,7.256114028,0.0001
602,5f77c6a1a110ce346dc016ec,cat,2.514627707911507,7.4770384723196965,0.76099,7.013143358,0.0001
603,5f77c6a1a110ce346dc016ec,pig,4.7934105581249025,7.4770384723196965,0.48515,6.611542969,0.0001
604,5f77c6a1a110ce346dc016ec,horse,3.5161565865771744,7.4770384723196965,0.47001,7.396710537,0.0001
605,5f77c6a1a110ce346dc016ec,deer,5.212696219956315,7.4770384723196965,0.31807,6.706983738,0.25
606,5f77c6a1a110ce346dc016ec,turtle,5.608986491074085,7.4770384723196965,0.42597,6.229758099,0.0001
607,5f77c6a1a110ce346dc016ec,fish,3.0435997645581607,7.4770384723196965,0.54237,7.344814258,0.0001
608,5f77c6a1a110ce346dc016ec,bird,3.909013319065749,7.4770384723196965,0.49668,7.119400245,0.0001
609,5f77c6a1a110ce346dc016ec,tiger,5.719316072377707,7.4770384723196965,0.44267,6.38952206,0.0001
610,5f77c6a1a110ce346dc016ec,lion,3.8910124996969535,7.4770384723196965,0.5148,6.723957079,0.25
611,5f77c6a1a110ce346dc016ec,bear,3.0293076384454327,7.4770384723196965,0.44655,7.366226929,0.0001
612,5f77c6a1a110ce346dc016ec,penguin,5.949283177112851,7.4770384723196965,0.24866,6.25042049,0.1429
613,5f77c6a1a110ce346dc016ec,fox,4.5285774204985785,7.4770384723196965,0.37611,6.849727181,0.0001
614,5f77c6a1a110ce346dc016ec,mink,6.882623600257688,7.4770384723196965,0.41407,5.673333376,0.0001
615,5f77c6a1a110ce346dc016ec,gerbil,8.870932021324652,7.4770384723196965,0.15812,4.725674828,0.0001
616,5f77c6a1a110ce346dc016ec,hamster,4.565654427177744,7.4770384723196965,0.60232,5.543432268,0.0001
617,5f77c6a1a110ce346dc016ec,guinea_pig,5.116221177502178,7.4770384723196965,0.52997,5.672205032,0.0001
618,5f77c6a1a110ce346dc016ec,lemur,7.8803056622785865,7.4770384723196965,0.33534,4.904358444,0.1
619,5de5538f8fde1c4dbc951498,dog,4.628276428738638,7.4770384723196965,0.0001,7.256114028,0.0001
620,5de5538f8fde1c4dbc951498,cat,2.58290120797024,7.4770384723196965,0.76099,7.013143358,0.0001
621,5de5538f8fde1c4dbc951498,elephant,5.358219816199452,7.4770384723196965,0.46387,6.363660295,0.1429
622,5de5538f8fde1c4dbc951498,fox,5.136177120930802,7.4770384723196965,0.42881,6.849727181,0.1429
623,5de5538f8fde1c4dbc951498,squirrel,4.300182901684778,7.4770384723196965,0.67923,6.080840335,0.0001
624,5de5538f8fde1c4dbc951498,horse,4.4591605178189475,7.4770384723196965,0.25166,7.396710537,0.0001
625,5de5538f8fde1c4dbc951498,possum,8.211728407398317,7.4770384723196965,0.27714,5.440409986,0.0001
626,5de5538f8fde1c4dbc951498,snake,4.011124327986968,7.4770384723196965,0.55639,6.615078486,0.0001
627,5de5538f8fde1c4dbc951498,groundhog,8.351284134718933,7.4770384723196965,0.38146,4.796018969,0.125
628,5de5538f8fde1c4dbc951498,zebra,6.971834895982097,7.4770384723196965,0.3082,5.561689192,0.0001
629,5de5538f8fde1c4dbc951498,monkey,4.464710814804521,7.4770384723196965,0.47782,6.401926546,0.0001
630,5de5538f8fde1c4dbc951498,ape,4.402401417154498,7.4770384723196965,0.6199,6.012398914,0.0001
631,5de5538f8fde1c4dbc951498,mongoose,6.744466853507182,7.4770384723196965,0.46193,4.984473304,0.0001
632,5de5538f8fde1c4dbc951498,lion,5.29948609577894,7.4770384723196965,0.33834,6.723957079,0.0001
633,5de5538f8fde1c4dbc951498,tiger,3.991954836043552,7.4770384723196965,0.5148,6.38952206,0.25
634,5de5538f8fde1c4dbc951498,donkey,6.276342313774104,7.4770384723196965,0.37079,6.018421695,0.0001
635,5de5538f8fde1c4dbc951498,mule,3.9832503972087285,7.4770384723196965,0.56333,6.274039557,0.0001
636,5de5538f8fde1c4dbc951498,rabbit,5.505444351104129,7.4770384723196965,0.34159,6.568628649,0.0001
637,5de5538f8fde1c4dbc951498,guinea_pig,6.657051973113086,7.4770384723196965,0.43967,5.672205032,0.0001
638,62c08fa6cab36e3a08790b49,lion,5.278820092215173,7.4770384723196965,0.0001,6.723957079,0.0001
639,62c08fa6cab36e3a08790b49,tiger,3.9909408048288895,7.4770384723196965,0.5148,6.38952206,0.25
640,62c08fa6cab36e3a08790b49,bear,3.9782773668088893,7.4770384723196965,0.41411,7.366226929,0.0001
641,62c08fa6cab36e3a08790b49,zebra,6.995524295286527,7.4770384723196965,0.29268,5.561689192,0.2
642,62c08fa6cab36e3a08790b49,giraffe,4.939880718815112,7.4770384723196965,0.63716,5.372025949,0.0001
643,62c08fa6cab36e3a08790b49,dog,4.589808053332954,7.4770384723196965,0.3927,7.256114028,0.0001
644,62c08fa6cab36e3a08790b49,cat,2.552261503889917,7.4770384723196965,0.76099,7.013143358,0.0001
645,62c08fa6cab36e3a08790b49,bird,3.9628257426539872,7.4770384723196965,0.51471,7.119400245,0.0001
646,62c08fa6cab36e3a08790b49,panda,7.507468002258319,7.4770384723196965,0.42515,5.255675247,0.2
647,62c08fa6cab36e3a08790b49,rhinoceros,6.041091255909825,7.4770384723196965,0.42685,5.506841784,0.25
648,62c08fa6cab36e3a08790b49,chicken,5.140468057221589,7.4770384723196965,0.26672,6.827585591,0.125
649,62c08fa6cab36e3a08790b49,cow,4.615593255626367,7.4770384723196965,0.41514,6.679047222,0.2
650,62c08fa6cab36e3a08790b49,horse,3.313138731916478,7.4770384723196965,0.49454,7.396710537,0.0001
651,62c08fa6cab36e3a08790b49,pig,4.557464321863113,7.4770384723196965,0.47001,6.611542969,0.0001
652,62c08fa6cab36e3a08790b49,bobcat,8.022486285478621,7.4770384723196965,0.37466,4.96481099,0.0001
653,62c08fa6cab36e3a08790b49,skunk,5.823412803236855,7.4770384723196965,0.51125,5.613026358,0.0001
654,62c08fa6cab36e3a08790b49,alligator,6.750866767964335,7.4770384723196965,0.42631,5.714162885,0.0001
655,62c08fa6cab36e3a08790b49,fox,4.123164618951554,7.4770384723196965,0.48343,6.849727181,0.0001
656,62c08fa6cab36e3a08790b49,possum,5.977528141124018,7.4770384723196965,0.56685,5.440409986,0.2
657,622a0d9a4f5132ad78e5f1b6,dog,4.583662085747505,7.4770384723196965,0.0001,7.256114028,0.0001
658,622a0d9a4f5132ad78e5f1b6,cat,2.4391690211179395,7.4770384723196965,0.76099,7.013143358,0.0001
659,622a0d9a4f5132ad78e5f1b6,cow,5.739545423827666,7.4770384723196965,0.40405,6.679047222,0.3333
660,622a0d9a4f5132ad78e5f1b6,bird,4.756452841410009,7.4770384723196965,0.37099,7.119400245,0.0001
661,622a0d9a4f5132ad78e5f1b6,manatee,7.443482652795175,7.4770384723196965,0.50707,5.024452828,0.0001
662,622a0d9a4f5132ad78e5f1b6,whale,3.096729383211348,7.4770384723196965,0.63737,6.338615042,0.0001
663,622a0d9a4f5132ad78e5f1b6,ferret,7.0489738440590495,7.4770384723196965,0.13364,5.531510849,0.0001
664,622a0d9a4f5132ad78e5f1b6,rat,4.150113785065143,7.4770384723196965,0.33357,6.766463413,0.4
665,622a0d9a4f5132ad78e5f1b6,pig,4.386935341758041,7.4770384723196965,0.48437,6.611542969,0.0001
666,622a0d9a4f5132ad78e5f1b6,possum,6.459521902337143,7.4770384723196965,0.48565,5.440409986,0.2
667,622a0d9a4f5132ad78e5f1b6,donkey,6.2825906418927095,7.4770384723196965,0.38537,6.018421695,0.2
668,622a0d9a4f5132ad78e5f1b6,horse,2.2804611857065713,7.4770384723196965,0.57376,7.396710537,0.0001
669,622a0d9a4f5132ad78e5f1b6,hippopotamus,7.508963083735337,7.4770384723196965,0.29192,5.258390618,0.1818
670,622a0d9a4f5132ad78e5f1b6,rhinoceros,5.137912594741364,7.4770384723196965,0.54239,5.506841784,0.2727
671,622a0d9a4f5132ad78e5f1b6,lion,4.287408642170578,7.4770384723196965,0.43142,6.723957079,0.125
672,622a0d9a4f5132ad78e5f1b6,crocodile,6.71068301756738,7.4770384723196965,0.39851,5.741384054,0.125
673,622a0d9a4f5132ad78e5f1b6,snake,3.1104360023427358,7.4770384723196965,0.63133,6.615078486,0.125
674,622a0d9a4f5132ad78e5f1b6,raccoon,5.765780942272895,7.4770384723196965,0.5523,5.500824927,0.0001
675,622a0d9a4f5132ad78e5f1b6,owl,4.543409828117066,7.4770384723196965,0.53407,6.247115609,0.0001
676,622a0d9a4f5132ad78e5f1b6,giraffe,7.3147412095329605,7.4770384723196965,0.47527,5.372025949,0.0001
677,622a0d9a4f5132ad78e5f1b6,goat,4.274511279100188,7.4770384723196965,0.51528,6.365838461,0.0001
678,622a0d9a4f5132ad78e5f1b6,mink,6.818998599274819,7.4770384723196965,0.34221,5.673333376,0.0001
679,622a0d9a4f5132ad78e5f1b6,fox,3.8231496955438042,7.4770384723196965,0.41407,6.849727181,0.0001
680,622a0d9a4f5132ad78e5f1b6,tiger,5.018388534703688,7.4770384723196965,0.50475,6.38952206,0.0001
681,622a0d9a4f5132ad78e5f1b6,panther,4.255505661685501,7.4770384723196965,0.63329,5.886284809,0.2
682,622a0d9a4f5132ad78e5f1b6,leopard,4.5033439207476125,7.4770384723196965,0.60062,5.875985616,0.0001
683,62879b859698ba45e6afa90f,cat,4.725178039703477,7.4770384723196965,0.0001,7.013143358,0.0001
684,62879b859698ba45e6afa90f,dog,2.2014746334772384,7.4770384723196965,0.76099,7.256114028,0.0001
685,62879b859698ba45e6afa90f,goat,5.760612164073736,7.4770384723196965,0.5043,6.365838461,0.0001
686,62879b859698ba45e6afa90f,pig,3.449209800777345,7.4770384723196965,0.64861,6.611542969,0.0001
687,62879b859698ba45e6afa90f,chicken,3.557943590989238,7.4770384723196965,0.58633,6.827585591,0.2
688,62879b859698ba45e6afa90f,bobcat,8.41838227192428,7.4770384723196965,0.19114,4.96481099,0.1667
689,62879b859698ba45e6afa90f,turkey,5.070751840046975,7.4770384723196965,0.3766,6.767768346,0.1667
690,62879b859698ba45e6afa90f,deer,3.5110419736466327,7.4770384723196965,0.55456,6.706983738,0.0001
691,62879b859698ba45e6afa90f,alligator,6.915350871510327,7.4770384723196965,0.49353,5.714162885,0.0001
692,62879b859698ba45e6afa90f,otter,5.292888706176444,7.4770384723196965,0.53213,5.857683409,0.2857
693,62879b859698ba45e6afa90f,lion,5.175418174620819,7.4770384723196965,0.33933,6.723957079,0.0001
694,62879b859698ba45e6afa90f,tiger,4.012370863916379,7.4770384723196965,0.5148,6.38952206,0.25
695,62879b859698ba45e6afa90f,bear,3.672164749718183,7.4770384723196965,0.41411,7.366226929,0.0001
696,62879b859698ba45e6afa90f,raccoon,7.322186659868684,7.4770384723196965,0.38629,5.500824927,0.0001
697,62879b859698ba45e6afa90f,rat,4.2487006748363205,7.4770384723196965,0.47161,6.766463413,0.2
698,62879b859698ba45e6afa90f,mouse,4.080633300594971,7.4770384723196965,0.47078,6.776846046,0.0001
699,62879b859698ba45e6afa90f,beaver,6.276389673073251,7.4770384723196965,0.25913,6.273193014,0.0001
700,628bb39061393e64b1907bbb,cow,5.2321670741991575,7.4770384723196965,0.0001,6.679047222,0.0001
701,628bb39061393e64b1907bbb,bird,4.291339401852469,7.4770384723196965,0.37099,7.119400245,0.0001
702,628bb39061393e64b1907bbb,dog,3.975706493617855,7.4770384723196965,0.45021,7.256114028,0.0001
703,628bb39061393e64b1907bbb,pig,4.834049824771507,7.4770384723196965,0.45091,6.611542969,0.3333
704,628bb39061393e64b1907bbb,giraffe,7.675370832782696,7.4770384723196965,0.40538,5.372025949,0.0001
705,628bb39061393e64b1907bbb,lion,4.475425073806379,7.4770384723196965,0.42459,6.723957079,0.0001
706,628bb39061393e64b1907bbb,cat,3.7849101504210916,7.4770384723196965,0.40046,7.013143358,0.0001
707,628bb39061393e64b1907bbb,shark,6.333401451636811,7.4770384723196965,0.36878,6.054603863,0.0001
708,628bb39061393e64b1907bbb,whale,3.5125105150060487,7.4770384723196965,0.70161,6.338615042,0.0001
709,628bb39061393e64b1907bbb,mole,5.803214325503615,7.4770384723196965,0.2043,6.347595976,0.3333
710,628bb39061393e64b1907bbb,raccoon,6.722421032344297,7.4770384723196965,0.28527,5.500824927,0.0001
711,628bb39061393e64b1907bbb,weasel,6.83976003947787,7.4770384723196965,0.40312,5.598789413,0.0001
712,628bb39061393e64b1907bbb,snake,5.340136924693331,7.4770384723196965,0.3985,6.615078486,0.0001
713,628bb39061393e64b1907bbb,lizard,4.8644210063523445,7.4770384723196965,0.68696,5.89522027,0.0001
714,628bb39061393e64b1907bbb,fish,3.707947757223694,7.4770384723196965,0.44052,7.344814258,0.2
715,628bb39061393e64b1907bbb,bear,4.133469521433502,7.4770384723196965,0.27466,7.366226929,0.0001
716,628bb39061393e64b1907bbb,wolf,3.9700236256703185,7.4770384723196965,0.4625,6.745548976,0.0001
717,628bb39061393e64b1907bbb,hawk,5.738033213311327,7.4770384723196965,0.26772,6.384581525,0.0001
718,628bb39061393e64b1907bbb,coyote,5.709642013511401,7.4770384723196965,0.30342,6.007340169,0.0001
719,628bb39061393e64b1907bbb,turkey,4.975051103747726,7.4770384723196965,0.37745,6.767768346,0.2
720,628bb39061393e64b1907bbb,eagle,5.252828800846797,7.4770384723196965,0.31705,6.640854253,0.0001
721,5e1fc8d45427912f6143b012,dog,5.1137820932862965,7.4770384723196965,0.0001,7.256114028,0.0001
722,5e1fc8d45427912f6143b012,cat,2.579023405442365,7.4770384723196965,0.76099,7.013143358,0.0001
723,5e1fc8d45427912f6143b012,fox,4.173514222351686,7.4770384723196965,0.57838,6.849727181,0.0001
724,5e1fc8d45427912f6143b012,bear,5.016856998950251,7.4770384723196965,0.35705,7.366226929,0.0001
725,5e1fc8d45427912f6143b012,lion,4.965057865191923,7.4770384723196965,0.44655,6.723957079,0.0001
726,5e1fc8d45427912f6143b012,tiger,4.211864901347267,7.4770384723196965,0.5148,6.38952206,0.25
727,5e1fc8d45427912f6143b012,cheetah,5.533420291988824,7.4770384723196965,0.582,5.023964037,0.0001
728,5e1fc8d45427912f6143b012,elephant,4.110509622684742,7.4770384723196965,0.52848,6.363660295,0.1429
729,5e1fc8d45427912f6143b012,badger,6.551754667743115,7.4770384723196965,0.35856,5.803131956,0.0001
730,5e1fc8d45427912f6143b012,antelope,6.04402937422839,7.4770384723196965,0.39145,5.845170623,0.0001
731,5e1fc8d45427912f6143b012,pronghorn,5.13219934597789,7.4770384723196965,0.6703,4.767445299,0.0001
732,5e1fc8d45427912f6143b012,elk,2.6326377546315998,7.4770384723196965,0.72664,6.139565841,0.0001
733,5e1fc8d45427912f6143b012,deer,2.2016809246829356,7.4770384723196965,0.82089,6.706983738,0.0001
734,5e1fc8d45427912f6143b012,moose,3.430821735639173,7.4770384723196965,0.75854,5.977754233,0.0001
735,5e1fc8d45427912f6143b012,chicken,5.505527305630414,7.4770384723196965,0.217,6.827585591,0.0001
736,5e1fc8d45427912f6143b012,pig,3.5650012158718813,7.4770384723196965,0.58633,6.611542969,0.2
737,5e1fc8d45427912f6143b012,cow,3.2816963283723752,7.4770384723196965,0.6575,6.679047222,0.0001
738,5e1fc8d45427912f6143b012,horse,4.99028030654309,7.4770384723196965,0.49454,7.396710537,0.0001
739,5e1fc8d45427912f6143b012,mule,4.857818072473607,7.4770384723196965,0.5246,6.274039557,0.0001
740,5e1fc8d45427912f6143b012,kangaroo,6.819995063705469,7.4770384723196965,0.24631,5.566218227,0.0001
741,5e1fc8d45427912f6143b012,platypus,6.798833346242729,7.4770384723196965,0.42872,4.736667354,0.0001
742,5e1fc8d45427912f6143b012,dingo,5.584425415808753,7.4770384723196965,0.50599,4.772285025,0.0001
743,5e1fc8d45427912f6143b012,bandicoot,8.535242957069014,7.4770384723196965,0.40912,4.263896331,0.125
744,5e1fc8d45427912f6143b012,wallaby,6.636993732659159,7.4770384723196965,0.4324,4.54036702,0.0001
745,5e1fc8d45427912f6143b012,koala,5.914843144736014,7.4770384723196965,0.5523,4.747015401,0.3333
746,5e1fc8d45427912f6143b012,wombat,4.973835965175823,7.4770384723196965,0.63081,4.477613176,0.0001
747,62d5db8e2d079e00489d8c76,dog,4.251623972011857,7.4770384723196965,0.0001,7.256114028,0.0001
748,62d5db8e2d079e00489d8c76,cat,2.5719538896031997,7.4770384723196965,0.76099,7.013143358,0.0001
749,62d5db8e2d079e00489d8c76,elephant,5.791607767669227,7.4770384723196965,0.46387,6.363660295,0.1429
750,62d5db8e2d079e00489d8c76,tiger,3.6423672484197898,7.4770384723196965,0.6684,6.38952206,0.0001
751,62d5db8e2d079e00489d8c76,lion,3.8664983300188958,7.4770384723196965,0.5148,6.723957079,0.25
752,62d5db8e2d079e00489d8c76,monkey,4.477234839559621,7.4770384723196965,0.44886,6.401926546,0.0001
753,62d5db8e2d079e00489d8c76,cow,5.22401321704629,7.4770384723196965,0.41434,6.679047222,0.2
754,62d5db8e2d079e00489d8c76,pig,3.4027169653633718,7.4770384723196965,0.6575,6.611542969,0.0001
755,62d5db8e2d079e00489d8c76,bull,4.751522112194967,7.4770384723196965,0.39445,6.953478541,0.0001
756,62d5db8e2d079e00489d8c76,horse,3.0227568777020495,7.4770384723196965,0.41289,7.396710537,0.0001
757,62d5db8e2d079e00489d8c76,rabbit,4.713567928852826,7.4770384723196965,0.44801,6.568628649,0.0001
758,62d5db8e2d079e00489d8c76,donkey,5.790114666347151,7.4770384723196965,0.49916,6.018421695,0.0001
759,62d5db8e2d079e00489d8c76,bear,4.074895255436255,7.4770384723196965,0.25188,7.366226929,0.0001
760,62d5db8e2d079e00489d8c76,zebra,7.768309491438609,7.4770384723196965,0.29268,5.561689192,0.2
761,622a2074fe80192aa7a0212a622a2074fe80192aa7a0212a,cat,5.0661728554352585,7.4770384723196965,0.0001,7.013143358,0.0001
762,622a2074fe80192aa7a0212a622a2074fe80192aa7a0212a,dog,2.3003828835930054,7.4770384723196965,0.76099,7.256114028,0.0001
763,622a2074fe80192aa7a0212a622a2074fe80192aa7a0212a,giraffe,7.166565149152375,7.4770384723196965,0.3927,5.372025949,0.0001
764,622a2074fe80192aa7a0212a622a2074fe80192aa7a0212a,zebra,4.493317648269715,7.4770384723196965,0.63716,5.561689192,0.0001
765,622a2074fe80192aa7a0212a622a2074fe80192aa7a0212a,ostrich,5.132865197818735,7.4770384723196965,0.51227,5.653586811,0.1667
766,622a2074fe80192aa7a0212a622a2074fe80192aa7a0212a,lion,5.397951291267938,7.4770384723196965,0.32237,6.723957079,0.0001
767,622a2074fe80192aa7a0212a622a2074fe80192aa7a0212a,tiger,4.0416993498358496,7.4770384723196965,0.5148,6.38952206,0.25
768,622a2074fe80192aa7a0212a622a2074fe80192aa7a0212a,bear,4.332556011719295,7.4770384723196965,0.41411,7.366226929,0.0001
769,622a2074fe80192aa7a0212a622a2074fe80192aa7a0212a,alligator,6.680094094317064,7.4770384723196965,0.37879,5.714162885,0.0001
770,622a2074fe80192aa7a0212a622a2074fe80192aa7a0212a,skunk,6.405080109462518,7.4770384723196965,0.42631,5.613026358,0.0001
771,622a2074fe80192aa7a0212a622a2074fe80192aa7a0212a,possum,5.478521953017905,7.4770384723196965,0.51529,5.440409986,0.0001
772,622a2074fe80192aa7a0212a622a2074fe80192aa7a0212a,groundhog,7.413062615857971,7.4770384723196965,0.45318,4.796018969,0.0001
773,622a2074fe80192aa7a0212a622a2074fe80192aa7a0212a,ferret,6.936057930603572,7.4770384723196965,0.24404,5.531510849,0.0001
774,622a2074fe80192aa7a0212a622a2074fe80192aa7a0212a,hamster,5.864502311450459,7.4770384723196965,0.33341,5.543432268,0.1667
775,622a2074fe80192aa7a0212a622a2074fe80192aa7a0212a,pig,4.233327526837096,7.4770384723196965,0.45314,6.611542969,0.0001
776,622a2074fe80192aa7a0212a622a2074fe80192aa7a0212a,cow,3.2937862640409508,7.4770384723196965,0.6575,6.679047222,0.0001
777,622a2074fe80192aa7a0212a622a2074fe80192aa7a0212a,horse,3.5542304012361803,7.4770384723196965,0.49454,7.396710537,0.0001
778,622a2074fe80192aa7a0212a622a2074fe80192aa7a0212a,warthog,8.796749782365412,7.4770384723196965,0.24822,4.367989194,0.2857
779,622a2074fe80192aa7a0212a622a2074fe80192aa7a0212a,elephant,4.217535578523975,7.4770384723196965,0.46487,6.363660295,0.0001
780,5fc50bb38378c80ac88354ef,dog,4.247249296780414,7.4770384723196965,0.0001,7.256114028,0.0001
781,5fc50bb38378c80ac88354ef,cat,2.6875701179986184,7.4770384723196965,0.76099,7.013143358,0.0001
782,5fc50bb38378c80ac88354ef,elephant,5.293931472273699,7.4770384723196965,0.46387,6.363660295,0.1429
783,5fc50bb38378c80ac88354ef,squirrel,5.542765024271954,7.4770384723196965,0.4436,6.080840335,0.1429
784,5fc50bb38378c80ac88354ef,horse,4.0211510355705515,7.4770384723196965,0.25166,7.396710537,0.0001
785,5fc50bb38378c80ac88354ef,pig,4.419853910674997,7.4770384723196965,0.47001,6.611542969,0.0001
786,5fc50bb38378c80ac88354ef,frog,4.994559823939858,7.4770384723196965,0.5046,6.319346573,0.25
787,5fc50bb38378c80ac88354ef,goose,5.297699390682953,7.4770384723196965,0.45273,6.301955793,0.0001
788,5fc50bb38378c80ac88354ef,goat,5.789430110447778,7.4770384723196965,0.40304,6.365838461,0.3333
789,5fc50bb38378c80ac88354ef,rat,4.623057172782105,7.4770384723196965,0.42162,6.766463413,0.3333
790,5fc50bb38378c80ac88354ef,fish,4.104102930811989,7.4770384723196965,0.36341,7.344814258,0.0001
791,5fc50bb38378c80ac88354ef,salmon,3.602417648302914,7.4770384723196965,0.72055,6.535997664,0.0001
792,5fc50bb38378c80ac88354ef,trout,3.795005788343514,7.4770384723196965,0.63024,6.393416723,0.0001
793,5fc50bb38378c80ac88354ef,giraffe,9.152773046157584,7.4770384723196965,0.20044,5.372025949,0.0001
794,5484655ffdf99b07b28f22cc,frog,5.830646753422042,7.4770384723196965,0.0001,6.319346573,0.0001
795,5484655ffdf99b07b28f22cc,cow,5.763691018046763,7.4770384723196965,0.36717,6.679047222,0.0001
796,5484655ffdf99b07b28f22cc,horse,3.2940243769252735,7.4770384723196965,0.49454,7.396710537,0.0001
797,5484655ffdf99b07b28f22cc,giraffe,7.429658427582024,7.4770384723196965,0.38985,5.372025949,0.0001
798,5484655ffdf99b07b28f22cc,elephant,3.630382273070914,7.4770384723196965,0.59337,6.363660295,0.1429
799,5484655ffdf99b07b28f22cc,lion,5.219626093429662,7.4770384723196965,0.51286,6.723957079,0.4286
800,5484655ffdf99b07b28f22cc,tiger,4.057119332774336,7.4770384723196965,0.5148,6.38952206,0.25
801,5484655ffdf99b07b28f22cc,leopard,4.471732874715789,7.4770384723196965,0.61388,5.875985616,0.2
802,5484655ffdf99b07b28f22cc,dog,4.469719395735663,7.4770384723196965,0.42381,7.256114028,0.0001
803,5484655ffdf99b07b28f22cc,cat,2.413764497307029,7.4770384723196965,0.76099,7.013143358,0.0001
804,5484655ffdf99b07b28f22cc,robin,5.5135377205799205,7.4770384723196965,0.46269,6.526197074,0.0001
805,5484655ffdf99b07b28f22cc,sparrow,4.361836332913199,7.4770384723196965,0.61969,6.063752812,0.0001
806,5484655ffdf99b07b28f22cc,mouse,5.142486972571016,7.4770384723196965,0.19086,6.776846046,0.0001
807,5484655ffdf99b07b28f22cc,rat,3.645128387895475,7.4770384723196965,0.47078,6.766463413,0.0001
808,5484655ffdf99b07b28f22cc,snake,3.6690536204020243,7.4770384723196965,0.5645,6.615078486,0.0001
809,5484655ffdf99b07b28f22cc,rattlesnake,4.904888554242223,7.4770384723196965,0.64734,5.648320972,0.3333
810,5484655ffdf99b07b28f22cc,vulture,6.961098639591608,7.4770384723196965,0.3136,5.633869236,0.1111
811,5484655ffdf99b07b28f22cc,egret,7.105542001875814,7.4770384723196965,0.38868,5.003873949,0.0001
812,5484655ffdf99b07b28f22cc,heron,3.631692792229285,7.4770384723196965,0.7331,5.802004309,0.4
813,5484655ffdf99b07b28f22cc,duck,5.644994045785039,7.4770384723196965,0.46085,6.439638803,0.0001
814,5484655ffdf99b07b28f22cc,goose,4.087862140605477,7.4770384723196965,0.53211,6.301955793,0.0001
815,5f119c5ad521140253f60e86,dog,4.235939237821611,7.4770384723196965,0.0001,7.256114028,0.0001
816,5f119c5ad521140253f60e86,cat,2.766918698653478,7.4770384723196965,0.76099,7.013143358,0.0001
817,5f119c5ad521140253f60e86,bird,3.680669781542199,7.4770384723196965,0.51471,7.119400245,0.0001
818,5f119c5ad521140253f60e86,horse,4.007434623530798,7.4770384723196965,0.30485,7.396710537,0.0001
819,5f119c5ad521140253f60e86,elephant,5.299563611540135,7.4770384723196965,0.39665,6.363660295,0.0001
820,5f119c5ad521140253f60e86,snake,4.221601560485138,7.4770384723196965,0.50669,6.615078486,0.0001
821,5f119c5ad521140253f60e86,fish,3.9832104854808827,7.4770384723196965,0.36966,7.344814258,0.0001
822,5f119c5ad521140253f60e86,rat,5.034128711263805,7.4770384723196965,0.36341,6.766463413,0.0001
823,5f119c5ad521140253f60e86,bee,5.5024346608313826,7.4770384723196965,0.31236,6.523935877,0.0001
824,5f119c5ad521140253f60e86,hornet,6.1977733819567025,7.4770384723196965,0.44742,5.480810076,0.0001
825,5f119c5ad521140253f60e86,pig,5.34360622704988,7.4770384723196965,0.31207,6.611542969,0.0001
826,5f119c5ad521140253f60e86,chipmunk,8.385009257264095,7.4770384723196965,0.35407,5.149619342,0.1429
827,645527d9c3028610267467a3,cat,4.830077296751791,7.4770384723196965,0.0001,7.013143358,0.0001
828,645527d9c3028610267467a3,rat,4.239580655228157,7.4770384723196965,0.53372,6.766463413,0.6667
829,645527d9c3028610267467a3,dog,4.502621984050888,7.4770384723196965,0.44088,7.256114028,0.0001
830,645527d9c3028610267467a3,squirrel,5.559778639204994,7.4770384723196965,0.47351,6.080840335,0.0001
831,645527d9c3028610267467a3,cow,5.2993683920007735,7.4770384723196965,0.37516,6.679047222,0.1667
832,645527d9c3028610267467a3,horse,3.230008667355637,7.4770384723196965,0.49454,7.396710537,0.0001
833,645527d9c3028610267467a3,spider,5.889149942248041,7.4770384723196965,0.21359,6.281649128,0.0001
834,645527d9c3028610267467a3,rabbit,4.10888868181802,7.4770384723196965,0.53105,6.568628649,0.0001
835,645527d9c3028610267467a3,skunk,6.229812670611174,7.4770384723196965,0.51878,5.613026358,0.0001
836,645527d9c3028610267467a3,lion,5.234936820519601,7.4770384723196965,0.30757,6.723957079,0.0001
837,645527d9c3028610267467a3,tiger,4.033567700443386,7.4770384723196965,0.5148,6.38952206,0.25
838,645527d9c3028610267467a3,snake,4.308523647412001,7.4770384723196965,0.4894,6.615078486,0.0001
839,645527d9c3028610267467a3,crow,5.371309429041153,7.4770384723196965,0.41805,6.398037974,0.0001
840,645527d9c3028610267467a3,chicken,4.472958993414417,7.4770384723196965,0.39269,6.827585591,0.2
841,645527d9c3028610267467a3,wombat,9.14407261334116,7.4770384723196965,0.15707,4.477613176,0.0001
842,645527d9c3028610267467a3,possum,5.371711757497946,7.4770384723196965,0.56765,5.440409986,0.1667
843,645527d9c3028610267467a3,deer,4.5148026200313724,7.4770384723196965,0.46292,6.706983738,0.0001
844,645527d9c3028610267467a3,bear,4.066707150715412,7.4770384723196965,0.40814,7.366226929,0.3333
845,645527d9c3028610267467a3,fox,4.705388666729739,7.4770384723196965,0.35705,6.849727181,0.0001
846,645527d9c3028610267467a3,squid,6.930963890498821,7.4770384723196965,0.26072,5.636561108,0.0001
847,645527d9c3028610267467a3,wildebeest,8.895254821722176,7.4770384723196965,0.31239,4.704776617,0.0909
848,645527d9c3028610267467a3,cheetah,6.506403783872829,7.4770384723196965,0.47351,5.023964037,0.1818
849,5e6bdd2a3ea572199bb7f6b6,anteater,7.865187206356766,7.4770384723196965,0.0001,4.649130322,0.0001
850,5e6bdd2a3ea572199bb7f6b6,aardvark,6.793842308436645,7.4770384723196965,0.53292,4.484100445,0.0001
851,5e6bdd2a3ea572199bb7f6b6,antelope,6.527059764397694,7.4770384723196965,0.29042,5.845170623,0.0001
852,5e6bdd2a3ea572199bb7f6b6,armadillo,6.395377697962781,7.4770384723196965,0.47904,5.091213085,0.125
853,5e6bdd2a3ea572199bb7f6b6,bear,5.175171870927491,7.4770384723196965,0.2276,7.366226929,0.0001
854,5e6bdd2a3ea572199bb7f6b6,bobcat,6.135515601734134,7.4770384723196965,0.43207,4.96481099,0.1667
855,5e6bdd2a3ea572199bb7f6b6,bison,5.813935970470246,7.4770384723196965,0.48029,5.778133878,0.1667
856,5e6bdd2a3ea572199bb7f6b6,civet,7.957866897946319,7.4770384723196965,0.29569,4.811206235,0.2
857,5e6bdd2a3ea572199bb7f6b6,deer,5.723176908052819,7.4770384723196965,0.27961,6.706983738,0.2
858,5e6bdd2a3ea572199bb7f6b6,elephant,5.963418370164466,7.4770384723196965,0.38222,6.363660295,0.0001
859,5e6bdd2a3ea572199bb7f6b6,fox,4.885770612520788,7.4770384723196965,0.42881,6.849727181,0.1429
860,5e6bdd2a3ea572199bb7f6b6,giraffe,7.02043972528222,7.4770384723196965,0.39468,5.372025949,0.0001
861,5e6bdd2a3ea572199bb7f6b6,hippopotamus,5.150363453130708,7.4770384723196965,0.6439,5.258390618,0.0001
862,5e6bdd2a3ea572199bb7f6b6,ibis,6.904638794818054,7.4770384723196965,0.30674,5.479517727,0.1818
863,5e6bdd2a3ea572199bb7f6b6,jaguar,6.349332564267934,7.4770384723196965,0.32398,5.702579584,0.0001
864,60778adf13e3a5f0d0f655db,cow,5.300112999620834,7.4770384723196965,0.0001,6.679047222,0.0001
865,60778adf13e3a5f0d0f655db,rhinoceros,7.906327023205844,7.4770384723196965,0.28582,5.506841784,0.0001
866,60778adf13e3a5f0d0f655db,dog,4.535803197226368,7.4770384723196965,0.31965,7.256114028,0.0001
867,60778adf13e3a5f0d0f655db,cat,2.6173357910424255,7.4770384723196965,0.76099,7.013143358,0.0001
868,60778adf13e3a5f0d0f655db,sheep,4.9540013968523775,7.4770384723196965,0.38337,6.924172871,0.0001
869,60778adf13e3a5f0d0f655db,horse,3.4636629447407707,7.4770384723196965,0.47657,7.396710537,0.0001
870,60778adf13e3a5f0d0f655db,rat,6.436577479336357,7.4770384723196965,0.24401,6.766463413,0.0001
871,60778adf13e3a5f0d0f655db,bison,6.691488141269532,7.4770384723196965,0.20766,5.778133878,0.0001
872,60778adf13e3a5f0d0f655db,wolf,3.1729970654190667,7.4770384723196965,0.59298,6.745548976,0.0001
873,60778adf13e3a5f0d0f655db,raccoon,7.163773544503149,7.4770384723196965,0.4611,5.500824927,0.0001
874,60778adf13e3a5f0d0f655db,coyote,4.323145277177901,7.4770384723196965,0.66562,6.007340169,0.0001
875,60778adf13e3a5f0d0f655db,lion,5.2357608210136615,7.4770384723196965,0.37349,6.723957079,0.0001
876,60778adf13e3a5f0d0f655db,tiger,4.015437538941409,7.4770384723196965,0.5148,6.38952206,0.25
877,60778adf13e3a5f0d0f655db,bear,3.828058528594381,7.4770384723196965,0.41411,7.366226929,0.0001
878,60778adf13e3a5f0d0f655db,giraffe,7.39128926729791,7.4770384723196965,0.30209,5.372025949,0.0001
879,60778adf13e3a5f0d0f655db,orangutan,7.1208589314510204,7.4770384723196965,0.51738,4.807399713,0.125
880,60778adf13e3a5f0d0f655db,elephant,3.7975851422587557,7.4770384723196965,0.54951,6.363660295,0.125
881,60778adf13e3a5f0d0f655db,zebra,5.694498202777852,7.4770384723196965,0.52817,5.561689192,0.1429
882,6435b95691d542284002bc90,cat,4.825678942296278,7.4770384723196965,0.0001,7.013143358,0.0001
883,6435b95691d542284002bc90,dog,2.1347687503782873,7.4770384723196965,0.76099,7.256114028,0.0001
884,6435b95691d542284002bc90,elephant,6.024691404480706,7.4770384723196965,0.40599,6.363660295,0.0001
885,6435b95691d542284002bc90,mouse,5.156567440950269,7.4770384723196965,0.26099,6.776846046,0.0001
886,6435b95691d542284002bc90,rat,3.5809851097586454,7.4770384723196965,0.47078,6.766463413,0.0001
887,6435b95691d542284002bc90,raccoon,6.210548036653773,7.4770384723196965,0.47161,5.500824927,0.2
888,6435b95691d542284002bc90,snake,3.869762201871412,7.4770384723196965,0.5523,6.615078486,0.0001
889,6435b95691d542284002bc90,bird,3.945648401408547,7.4770384723196965,0.47913,7.119400245,0.0001
890,6435b95691d542284002bc90,chipmunk,7.929074702910602,7.4770384723196965,0.43513,5.149619342,0.0001
891,6435b95691d542284002bc90,deer,5.25660840428566,7.4770384723196965,0.37624,6.706983738,0.1429
892,6435b95691d542284002bc90,moose,3.7362880271250867,7.4770384723196965,0.75854,5.977754233,0.0001
893,6435b95691d542284002bc90,elk,3.4277018870336917,7.4770384723196965,0.74802,6.139565841,0.0001
894,6435b95691d542284002bc90,cow,5.296904721845688,7.4770384723196965,0.37173,6.679047222,0.0001
895,6435b95691d542284002bc90,pig,3.1712184069690044,7.4770384723196965,0.6575,6.611542969,0.0001
896,6435b95691d542284002bc90,giraffe,7.3992925770417255,7.4770384723196965,0.40538,5.372025949,0.0001
897,6435b95691d542284002bc90,hippopotamus,5.186412876750607,7.4770384723196965,0.6439,5.258390618,0.0001
898,6435b95691d542284002bc90,rhinoceros,7.160003015437946,7.4770384723196965,0.54239,5.506841784,0.2727
899,6435b95691d542284002bc90,tiger,3.681279647416859,7.4770384723196965,0.54999,6.38952206,0.125
900,6435b95691d542284002bc90,bear,3.9599894450137576,7.4770384723196965,0.41411,7.366226929,0.0001
